temp,dwpt,rhum,prcp,snow,wdir,wspd,wpgt,pres,tsun,coco,year,date,location
17.8,10.7,63.0,0.0,,20.0,14.8,,1023.9,,No Rain,1973,1973-10-7, Charlotte
6.7,-3.3,49.0,0.0,,360.0,0.0,,1025.9,,No Rain,1973,1973-2-25, Richmond
18.9,16.7,87.0,2.3,,200.0,18.7,,1007.6,,Light Rain,1973,1973-4-1, Atlanta
11.7,-2.9,36.0,0.0,,280.0,18.7,,1012.6,,No Rain,1973,1973-4-29, Martinsville
18.9,9.9,56.0,0.0,,120.0,7.6,,1013.6,,No Rain,1973,1973-5-12, Nashville Fgds
20.0,18.3,90.0,9.9,,350.0,13.0,,1009.9,,Heavy Rain,1973,1973-5-27, Charlotte
21.1,5.0,35.0,0.0,,20.0,11.2,,1018.1,,No Rain,1973,1973-5-6, Talladega
27.2,22.2,74.0,0.0,,70.0,20.5,,1016.7,,No Rain,1973,1973-6-10, Texas World Speedway
21.7,15.1,66.0,0.0,,210.0,13.0,,1014.3,,No Rain,1973,1973-6-24, Michigan
20.6,12.8,61.0,0.0,,180.0,27.7,,1018.1,,No Rain,1973,1973-6-3, Dover
28.9,19.5,57.0,0.0,,220.0,11.2,,1013.5,,No Rain,1973,1973-7-22, Atlanta
24.4,20.5,79.0,0.0,,150.0,9.4,,1016.3,,No Rain,1973,1973-8-12, Talladega
27.2,18.2,58.0,0.0,,170.0,9.4,,1017.0,,No Rain,1973,1973-8-25, Nashville Fgds
22.2,16.7,71.0,0.0,,250.0,5.4,,1012.9,,No Rain,1973,1973-9-16, Dover
23.9,21.8,88.0,0.0,,310.0,5.4,,1013.4,,No Rain,1973,1973-9-30, Martinsville
22.8,19.0,79.0,0.0,,230.0,0.0,,1017.8,,No Rain,1973,1973-9-9, Richmond
13.9,5.5,57.0,0.0,,360.0,9.4,,1030.0,,No Rain,1974,1974-10-6, Charlotte
24.4,-3.1,16.0,0.0,,300.0,13.0,,1022.4,,No Rain,1974,1974-11-24, Ontario
8.9,-4.0,40.0,0.0,,350.0,9.4,,1020.7,,No Rain,1974,1974-2-24, Richmond
12.8,6.6,66.0,0.0,,80.0,13.0,,1012.5,,No Rain,1974,1974-3-24, Atlanta
21.1,5.4,36.0,0.0,,120.0,7.6,,1024.3,,No Rain,1974,1974-4-28, Martinsville
23.3,16.6,66.0,0.0,,60.0,11.2,,1010.5,,No Rain,1974,1974-5-11, Nashville Fgds
22.8,15.6,64.0,0.0,,240.0,13.0,,1016.6,,No Rain,1974,1974-5-19, Dover
24.4,11.7,45.0,0.0,,220.0,9.4,,1012.7,,No Rain,1974,1974-5-26, Charlotte
21.7,16.6,73.0,0.0,,,0.0,,1014.0,,No Rain,1974,1974-5-5, Talladega
21.1,11.7,55.0,0.0,,300.0,25.9,,1003.8,,No Rain,1974,1974-6-16, Michigan
27.8,22.3,72.0,0.0,,220.0,16.6,,1016.9,,No Rain,1974,1974-7-20, Nashville Fgds
25.6,21.1,76.0,0.0,,120.0,9.4,,1014.8,,No Rain,1974,1974-7-28, Atlanta
26.7,24.0,85.0,0.0,,90.0,9.4,,1015.9,,No Rain,1974,1974-8-11, Talladega
21.7,16.0,70.0,0.0,,60.0,9.4,,1021.0,,No Rain,1974,1974-8-25, Michigan
23.3,20.6,85.0,0.0,,250.0,9.4,,1018.1,,No Rain,1974,1974-8-4, Pocono
16.1,10.6,70.0,0.0,,290.0,9.4,,1018.6,,No Rain,1974,1974-9-15, Dover
23.9,21.8,88.0,0.0,,90.0,5.4,,1013.7,,No Rain,1974,1974-9-29, Martinsville
18.9,17.2,90.0,0.0,,320.0,1.8,,1021.6,,No Rain,1974,1974-9-8, Richmond
19.4,17.7,90.0,0.0,,190.0,0.0,,1013.8,,No Rain,1975,1975-10-12, Richmond
15.6,8.3,62.0,0.0,,40.0,13.0,,1027.6,,No Rain,1975,1975-10-5, Charlotte
23.9,-8.4,11.0,0.0,,290.0,16.6,,1020.7,,No Rain,1975,1975-11-23, Ontario
19.4,15.7,79.0,0.0,,150.0,11.2,,1016.6,,No Rain,1975,1975-11-9, Atlanta
10.6,3.8,63.0,0.0,,190.0,13.0,,1023.3,,No Rain,1975,1975-2-23, Richmond
20.6,7.9,44.0,0.0,,320.0,11.2,,1006.9,,No Rain,1975,1975-3-23, Atlanta
22.2,9.0,43.0,0.0,,360.0,14.8,,1020.4,,No Rain,1975,1975-4-27, Martinsville
23.3,15.6,62.0,0.0,,10.0,13.0,,1016.5,,No Rain,1975,1975-5-10, Nashville Fgds
17.8,12.3,70.0,0.0,,170.0,14.8,,1020.7,,No Rain,1975,1975-5-18, Dover
29.4,21.6,63.0,0.0,,220.0,11.2,,1013.6,,No Rain,1975,1975-5-25, Charlotte
21.1,16.1,73.0,0.0,,270.0,16.6,,1010.5,,No Rain,1975,1975-5-4, Talladega
25.0,17.2,62.0,0.0,,180.0,11.2,,1006.0,,No Rain,1975,1975-6-15, Michigan
21.7,21.7,100.0,1.3,,140.0,11.2,,1016.0,,Light Rain,1975,1975-7-20, Nashville Fgds
22.8,21.1,90.0,6.6,,20.0,14.8,,1018.9,,Moderate Rain,1975,1975-8-17, Talladega
27.8,24.4,82.0,0.0,,210.0,9.4,,1015.6,,No Rain,1975,1975-8-24, Michigan
31.1,20.1,52.0,0.0,,230.0,9.4,,1012.6,,No Rain,1975,1975-8-3, Pocono
13.3,4.4,55.0,0.0,,300.0,13.0,,1021.3,,No Rain,1975,1975-9-14, Dover
17.8,14.5,81.0,0.0,,,0.0,,1019.5,,No Rain,1975,1975-9-28, Martinsville
12.2,3.4,55.0,0.0,,340.0,16.6,,1011.8,,No Rain,1976,1976-10-10, Charlotte
20.6,16.1,66.0,0.0,,250.0,18.4,,1015.9,,No Rain,1976,1976-11-21, Ontario
6.7,-6.6,38.0,0.0,,220.0,13.0,,1024.1,,No Rain,1976,1976-11-7, Atlanta
20.0,13.9,68.0,0.0,,160.0,22.3,,1012.6,,No Rain,1976,1976-3-21, Atlanta
6.1,2.2,76.0,0.0,,300.0,0.0,,1018.5,,No Rain,1976,1976-3-7, Richmond
26.1,9.0,34.0,0.0,,200.0,13.0,,1012.0,,No Rain,1976,1976-4-25, Martinsville
22.8,17.3,71.0,0.0,,190.0,14.8,,1017.6,,No Rain,1976,1976-5-16, Dover
17.8,13.3,75.0,0.0,,290.0,11.2,,1012.1,,No Rain,1976,1976-5-2, Talladega
20.0,16.6,81.0,0.0,,300.0,5.4,,1009.4,,No Rain,1976,1976-5-30, Charlotte
12.8,8.9,77.0,0.0,,50.0,11.2,,1022.5,,No Rain,1976,1976-5-8, Nashville Fgds
21.7,10.5,49.0,0.0,,330.0,14.8,,1013.4,,No Rain,1976,1976-6-20, Michigan
25.6,21.1,76.0,0.0,,290.0,16.6,,1014.5,,No Rain,1976,1976-7-17, Nashville Fgds
25.6,18.3,64.0,0.0,,310.0,9.4,,1006.3,,No Rain,1976,1976-8-1, Pocono
23.9,16.2,62.0,0.0,,180.0,7.6,,1019.1,,No Rain,1976,1976-8-22, Michigan
27.2,22.2,74.0,0.0,,330.0,11.2,,1013.4,,No Rain,1976,1976-8-8, Talladega
22.8,8.1,39.0,0.0,,260.0,10.8,,1014.9,,No Rain,1976,1976-9-12, Richmond
21.7,15.5,68.0,0.0,,280.0,16.6,,1012.5,,No Rain,1976,1976-9-19, Dover
20.6,14.5,68.0,0.0,,160.0,7.6,,1016.5,,No Rain,1976,1976-9-26, Martinsville
21.7,-0.8,23.0,0.0,,320.0,14.8,,1019.0,,No Rain,1977,1977-1-16, Riverside
17.8,16.1,90.0,0.5,,130.0,9.4,,1015.6,,Light Rain,1977,1977-10-9, Charlotte
16.7,7.3,52.0,0.0,,240.0,22.0,,1011.2,,No Rain,1977,1977-11-20, Ontario
18.9,17.2,90.0,0.0,,60.0,22.3,,1011.2,,No Rain,1977,1977-11-6, Atlanta
15.0,2.2,42.0,0.0,,100.0,5.4,,1014.6,,No Rain,1977,1977-2-27, Richmond
18.3,5.5,43.0,0.0,,30.0,7.6,,1009.5,,No Rain,1977,1977-3-20, Atlanta
19.4,17.2,87.0,1.5,,180.0,14.8,,1015.5,,Light Rain,1977,1977-4-24, Martinsville
26.1,13.9,47.0,0.0,,190.0,16.6,,1019.4,,No Rain,1977,1977-5-1, Talladega
20.6,-0.7,24.0,0.0,,330.0,7.6,,1010.5,,No Rain,1977,1977-5-15, Dover
23.9,17.2,66.0,0.0,,170.0,5.4,,1007.9,,No Rain,1977,1977-5-29, Charlotte
26.1,18.3,62.0,0.0,,210.0,14.8,,1012.8,,No Rain,1977,1977-5-7, Nashville Fgds
20.0,12.3,59.0,0.0,,230.0,22.0,,1016.6,,No Rain,1977,1977-6-12, Riverside
26.1,12.2,42.0,0.0,,290.0,24.1,,1007.7,,No Rain,1977,1977-6-19, Michigan
33.9,21.0,47.0,0.0,,40.0,14.8,,1017.4,,No Rain,1977,1977-7-16, Nashville Fgds
26.1,19.5,67.0,0.0,,230.0,9.4,,1012.6,,No Rain,1977,1977-7-31, Pocono
20.0,18.3,90.0,0.0,,240.0,14.8,,1006.7,,No Rain,1977,1977-8-22, Michigan
32.2,21.7,54.0,0.0,,180.0,13.0,,1019.1,,No Rain,1977,1977-8-7, Talladega
26.7,12.7,42.0,0.0,,290.0,16.6,,1011.5,,No Rain,1977,1977-9-11, Richmond
23.9,18.3,71.0,0.0,,230.0,11.2,,1016.3,,No Rain,1977,1977-9-18, Dover
22.8,17.7,73.0,0.0,,180.0,11.2,,1014.1,,No Rain,1977,1977-9-25, Martinsville
18.3,10.6,65.0,0.0,,170.0,14.8,,1019.3,,No Rain,1978,1978-1-22, Riverside
14.4,3.8,49.0,0.0,,10.0,13.0,,1017.5,,No Rain,1978,1978-10-8, Charlotte
17.8,9.3,47.0,0.0,,230.0,18.4,,1018.3,,No Rain,1978,1978-11-19, Ontario
18.3,2.2,34.0,0.0,,330.0,5.4,,1016.2,,No Rain,1978,1978-11-5, Atlanta
8.3,-6.7,34.0,0.0,,310.0,25.9,,1011.2,,No Rain,1978,1978-2-26, Richmond
11.7,-7.7,25.0,0.0,,170.0,13.0,,1029.1,,No Rain,1978,1978-3-19, Atlanta
14.4,-0.5,36.0,0.0,,180.0,9.4,,1019.4,,No Rain,1978,1978-4-23, Martinsville
18.3,9.4,56.0,0.0,,290.0,18.7,,1011.4,,No Rain,1978,1978-5-14, Talladega
26.1,15.5,52.0,0.0,,210.0,18.7,,1012.2,,No Rain,1978,1978-5-21, Dover
26.7,13.4,44.0,0.0,,70.0,14.8,,1017.4,,No Rain,1978,1978-5-28, Charlotte
21.1,15.6,73.0,0.0,,190.0,25.9,,1013.2,,No Rain,1978,1978-6-11, Riverside
28.9,20.1,59.0,0.0,,200.0,13.0,,1014.9,,No Rain,1978,1978-6-18, Michigan
22.8,20.0,84.0,0.0,,360.0,7.6,,1014.6,,No Rain,1978,1978-6-3, Nashville Fgds
29.4,20.6,59.0,0.0,,290.0,9.4,,1014.8,,No Rain,1978,1978-7-15, Nashville Fgds
22.2,17.1,73.0,0.0,,240.0,7.6,,1009.1,,No Rain,1978,1978-7-30, Pocono
23.3,15.1,60.0,0.0,,300.0,18.7,,1017.5,,No Rain,1978,1978-8-20, Michigan
28.9,20.1,59.0,0.0,,320.0,16.6,,1017.8,,No Rain,1978,1978-8-6, Talladega
25.0,16.2,58.0,0.0,,80.0,16.6,,1017.9,,No Rain,1978,1978-9-10, Richmond
24.4,16.6,62.0,0.0,,240.0,13.0,,1009.1,,No Rain,1978,1978-9-17, Dover
15.0,15.0,100.0,0.0,,50.0,18.7,,1028.0,,No Rain,1978,1978-9-24, Martinsville
18.9,2.3,33.0,0.0,,180.0,18.4,,1018.6,,No Rain,1979,1979-1-14, Riverside
16.7,7.9,56.0,0.0,,220.0,13.0,,1009.4,,No Rain,1979,1979-10-7, Charlotte
20.0,9.9,56.0,0.0,,240.0,22.0,,1013.5,,No Rain,1979,1979-11-18, Ontario
10.0,-2.7,41.0,0.0,,300.0,14.8,,1020.8,,No Rain,1979,1979-11-4, Atlanta
13.9,9.3,74.0,0.0,,20.0,10.8,,1010.8,,No Rain,1979,1979-3-11, Richmond
18.3,7.1,48.0,0.0,,170.0,9.4,,1029.7,,No Rain,1979,1979-3-18, Atlanta
22.8,10.6,46.0,0.0,,200.0,7.6,,1021.6,,No Rain,1979,1979-4-22, Martinsville
26.1,17.2,58.0,0.0,,360.0,14.8,,1013.5,,No Rain,1979,1979-5-12, Nashville Fgds
16.7,14.0,84.0,0.0,,70.0,22.3,,1017.6,,No Rain,1979,1979-5-20, Dover
17.8,6.6,48.0,0.0,,240.0,16.6,,1012.0,,No Rain,1979,1979-5-27, Charlotte
34.4,0.8,13.0,0.0,,240.0,27.7,,1013.9,,No Rain,1979,1979-6-10, Riverside
27.8,14.1,43.0,0.0,,180.0,9.4,,1013.5,,No Rain,1979,1979-6-17, Michigan
27.2,22.2,74.0,0.0,,230.0,9.4,,1014.9,,No Rain,1979,1979-6-3, Texas World Speedway
29.4,22.1,65.0,0.0,,250.0,11.2,,1013.4,,No Rain,1979,1979-7-14, Nashville Fgds
20.0,18.3,90.0,0.0,,120.0,7.6,,1015.4,,No Rain,1979,1979-7-30, Pocono
22.8,20.5,87.0,0.0,,320.0,11.2,,1013.9,,No Rain,1979,1979-8-19, Michigan
15.6,8.8,64.0,0.0,,300.0,11.2,,1020.3,,No Rain,1979,1979-9-16, Dover
24.4,19.5,74.0,0.0,,,0.0,,1008.6,,No Rain,1979,1979-9-23, Martinsville
21.7,13.9,61.0,0.0,,360.0,22.0,,1018.3,,No Rain,1979,1979-9-9, Richmond
18.9,15.0,87.0,0.0,,80.0,18.4,,1018.6,,No Rain,1980,1980-1-13, Riverside
16.7,7.1,53.0,0.0,,310.0,5.4,,1014.1,,No Rain,1980,1980-10-5, Charlotte
20.0,3.2,33.0,0.0,,240.0,18.4,,1016.9,,No Rain,1980,1980-11-15, Ontario
16.7,6.8,52.0,0.0,,290.0,14.8,,1020.1,,No Rain,1980,1980-11-2, Atlanta
10.0,6.7,80.0,0.0,,30.0,9.0,,1013.2,,No Rain,1980,1980-2-24, Richmond
17.2,-2.0,27.0,0.0,,160.0,13.0,,1027.0,,No Rain,1980,1980-3-16, Atlanta
13.3,9.0,75.0,0.0,,60.0,9.4,,1011.0,,No Rain,1980,1980-4-27, Martinsville
17.8,-1.0,28.0,0.0,,60.0,11.2,,1014.0,,No Rain,1980,1980-5-10, Nashville Fgds
16.7,1.5,36.0,0.0,,140.0,25.9,,1027.4,,No Rain,1980,1980-5-18, Dover
23.3,17.7,71.0,0.0,,350.0,9.4,,1006.2,,No Rain,1980,1980-5-25, Charlotte
30.0,22.7,65.0,0.0,,130.0,24.1,,1014.1,,No Rain,1980,1980-6-1, Texas World Speedway
21.1,18.9,87.0,0.0,,170.0,11.2,,1010.3,,No Rain,1980,1980-6-15, Michigan
22.2,8.3,37.0,0.0,,240.0,13.0,,1016.3,,No Rain,1980,1980-6-8, Riverside
32.2,24.0,62.0,0.0,,300.0,18.7,,1012.6,,No Rain,1980,1980-7-12, Nashville Fgds
30.6,16.6,43.0,0.0,,210.0,13.0,,1015.0,,No Rain,1980,1980-7-27, Pocono
19.4,15.1,76.0,0.0,,110.0,11.2,,1020.1,,No Rain,1980,1980-8-17, Michigan
22.8,19.0,79.0,0.0,,140.0,16.6,,1021.3,,No Rain,1980,1980-9-14, Dover
13.9,11.8,87.0,0.0,,,0.0,,1025.5,,No Rain,1980,1980-9-28, Martinsville
30.0,22.2,63.0,0.0,,140.0,14.8,,1015.2,,No Rain,1980,1980-9-7, Richmond
23.9,-3.5,16.0,0.0,,220.0,10.8,,1013.5,,No Rain,1981,1981-1-11, Riverside
13.3,7.3,67.0,0.0,,100.0,7.6,,1020.7,,No Rain,1981,1981-10-11, Charlotte
18.9,10.7,59.0,0.0,,240.0,14.8,,1018.3,,No Rain,1981,1981-11-22, Riverside
11.7,-3.3,35.0,0.0,,330.0,11.2,,1017.7,,No Rain,1981,1981-11-8, Atlanta
14.4,11.7,84.0,0.0,,350.0,25.9,,1010.8,,No Rain,1981,1981-2-22, Richmond
11.7,-9.9,21.0,0.0,,330.0,14.8,,1018.2,,No Rain,1981,1981-3-15, Atlanta
16.1,-0.6,32.0,0.0,,330.0,11.2,,1012.0,,No Rain,1981,1981-4-26, Martinsville
15.6,7.1,57.0,0.0,,290.0,25.9,,1014.9,,No Rain,1981,1981-5-17, Dover
26.1,11.1,39.0,0.0,,230.0,9.4,,1015.8,,No Rain,1981,1981-5-24, Charlotte
20.6,8.9,47.0,0.0,,180.0,11.2,,1014.3,,No Rain,1981,1981-5-9, Nashville Fgds
27.2,4.6,20.0,0.0,,220.0,25.9,,1008.1,,No Rain,1981,1981-6-14, Riverside
22.8,15.6,64.0,0.0,,80.0,11.2,,1010.8,,No Rain,1981,1981-6-21, Michigan
31.7,23.3,61.0,0.0,,220.0,11.2,,1008.6,,No Rain,1981,1981-6-7, Texas World Speedway
24.4,21.1,82.0,0.0,,130.0,5.4,,1017.3,,No Rain,1981,1981-7-11, Nashville Fgds
22.2,16.7,71.0,0.0,,190.0,11.2,,1022.8,,No Rain,1981,1981-7-26, Pocono
24.4,17.2,64.0,0.0,,310.0,13.0,,1010.4,,No Rain,1981,1981-8-16, Michigan
28.9,20.1,59.0,0.0,,240.0,10.8,,1013.9,,No Rain,1981,1981-9-13, Richmond
15.0,7.3,60.0,0.0,,260.0,14.8,,1009.1,,No Rain,1981,1981-9-20, Dover
20.0,11.2,57.0,0.0,,190.0,9.4,,1022.5,,No Rain,1981,1981-9-27, Martinsville
23.3,21.0,87.0,0.0,,130.0,9.4,,1012.4,,No Rain,1982,1982-10-10, Charlotte
10.0,-0.5,48.0,0.0,,330.0,13.0,,1017.6,,No Rain,1982,1982-10-17, Martinsville
16.1,8.8,62.0,0.0,,180.0,13.0,,1016.3,,No Rain,1982,1982-11-21, Riverside
9.4,-4.6,37.0,0.0,,120.0,9.4,,1025.6,,No Rain,1982,1982-11-7, Atlanta
7.2,2.9,74.0,0.0,,180.0,9.0,,1005.4,,No Rain,1982,1982-2-21, Richmond
24.4,14.5,54.0,0.0,,210.0,18.7,,1010.7,,No Rain,1982,1982-3-21, Atlanta
19.4,-1.7,24.0,0.0,,220.0,13.0,,1022.8,,No Rain,1982,1982-4-25, Martinsville
16.1,10.6,70.0,0.0,,170.0,22.3,,1021.0,,No Rain,1982,1982-5-16, Dover
28.3,22.3,70.0,0.0,,190.0,11.2,,1011.0,,No Rain,1982,1982-5-30, Charlotte
15.6,15.6,100.0,0.8,,130.0,16.6,,1011.4,,Light Rain,1982,1982-5-8, Nashville Fgds
18.3,11.1,63.0,0.0,,230.0,14.8,,1012.5,,No Rain,1982,1982-6-13, Riverside
18.3,9.9,58.0,0.0,,300.0,16.6,,1011.0,,No Rain,1982,1982-6-20, Michigan
16.7,16.1,96.0,0.5,,70.0,24.1,,1008.0,,Light Rain,1982,1982-6-6, Pocono
24.4,22.3,88.0,0.0,,170.0,7.6,,1014.9,,No Rain,1982,1982-7-10, Nashville Fgds
26.7,13.8,45.0,0.0,,180.0,13.0,,1019.3,,No Rain,1982,1982-7-25, Pocono
19.4,7.2,45.0,0.0,,360.0,7.6,,1020.6,,No Rain,1982,1982-8-22, Michigan
25.6,17.8,62.0,0.0,,140.0,7.2,,1020.0,,No Rain,1982,1982-9-12, Richmond
20.6,13.8,65.0,0.0,,320.0,11.2,,1011.2,,No Rain,1982,1982-9-19, Dover
20.0,8.3,47.0,0.0,,360.0,9.4,,1023.3,,No Rain,1983,1983-10-9, Charlotte
18.3,7.1,48.0,0.0,,210.0,18.4,,1015.2,,No Rain,1983,1983-11-20, Riverside
9.4,1.8,59.0,0.0,,320.0,14.8,,1017.0,,No Rain,1983,1983-11-6, Atlanta
2.8,-9.2,41.0,0.0,,310.0,14.8,,1026.8,,No Rain,1983,1983-2-27, Richmond
7.2,6.1,93.0,1.3,,90.0,40.7,,1016.5,,Light Rain,1983,1983-3-27, Atlanta
11.7,10.6,93.0,0.5,,100.0,14.8,,999.2,,Light Rain,1983,1983-4-24, Martinsville
17.2,13.9,81.0,0.0,,180.0,25.9,,1013.5,,No Rain,1983,1983-5-15, Dover
23.9,11.6,46.0,0.0,,170.0,11.2,,1014.6,,No Rain,1983,1983-5-29, Charlotte
24.4,7.9,35.0,0.0,,170.0,14.8,,1015.6,,No Rain,1983,1983-5-7, Nashville Fgds
26.7,11.6,39.0,0.0,,270.0,11.2,,1020.7,,No Rain,1983,1983-6-12, Pocono
25.0,13.2,48.0,0.0,,80.0,18.7,,1016.4,,No Rain,1983,1983-6-19, Michigan
15.6,14.0,90.0,0.0,,230.0,14.8,,1012.5,,No Rain,1983,1983-6-5, Riverside
28.9,24.5,77.0,0.0,,250.0,5.4,,1015.8,,No Rain,1983,1983-7-16, Nashville Fgds
24.4,12.7,48.0,0.0,,170.0,7.6,,1009.1,,No Rain,1983,1983-7-24, Pocono
27.2,14.9,47.0,0.0,,360.0,11.2,,1017.0,,No Rain,1983,1983-8-21, Michigan
30.6,20.5,55.0,0.0,,180.0,10.8,,1014.2,,No Rain,1983,1983-9-11, Richmond
21.1,15.0,68.0,0.0,,300.0,11.2,,1015.9,,No Rain,1983,1983-9-18, Dover
13.9,1.8,44.0,0.0,,40.0,7.6,,1031.2,,No Rain,1983,1983-9-25, Martinsville
20.0,15.0,73.0,0.0,,40.0,16.6,,1028.8,,No Rain,1984,1984-10-7, Charlotte
14.4,13.3,93.0,6.1,,200.0,18.7,,1010.8,,Moderate Rain,1984,1984-11-11, Atlanta
19.4,11.2,59.0,0.0,,200.0,18.4,,1016.9,,No Rain,1984,1984-11-18, Riverside
5.6,-4.3,49.0,0.0,,300.0,31.7,,1010.5,,No Rain,1984,1984-2-26, Richmond
15.6,12.7,83.0,0.0,,120.0,5.4,,1018.5,,No Rain,1984,1984-3-18, Atlanta
18.3,14.4,78.0,0.0,,100.0,9.4,,1021.4,,No Rain,1984,1984-4-29, Martinsville
24.4,13.9,52.0,0.0,,200.0,24.1,,1013.8,,No Rain,1984,1984-5-12, Nashville Fgds
25.0,15.0,54.0,0.0,,270.0,13.0,,1007.5,,No Rain,1984,1984-5-20, Dover
26.7,18.8,62.0,0.0,,170.0,13.0,,1016.0,,No Rain,1984,1984-5-27, Charlotte
32.2,18.4,44.0,0.0,,260.0,13.0,,1015.6,,No Rain,1984,1984-6-10, Pocono
23.3,17.3,69.0,0.0,,120.0,5.4,,1019.2,,No Rain,1984,1984-6-17, Michigan
21.1,13.8,63.0,0.0,,180.0,22.3,,1013.2,,No Rain,1984,1984-6-3, Riverside
28.9,15.4,44.0,0.0,,60.0,9.4,,1017.0,,No Rain,1984,1984-7-14, Nashville Fgds
22.2,16.0,68.0,0.0,,100.0,9.4,,1021.8,,No Rain,1984,1984-7-22, Pocono
23.3,16.1,64.0,0.0,,70.0,9.4,,1017.4,,No Rain,1984,1984-8-12, Michigan
13.9,9.3,74.0,0.0,,340.0,13.0,,1018.3,,No Rain,1984,1984-9-16, Dover
22.8,16.1,66.0,0.0,,140.0,7.6,,1024.9,,No Rain,1984,1984-9-23, Martinsville
21.1,12.3,57.0,0.0,,140.0,18.7,,1028.2,,No Rain,1984,1984-9-9, Richmond
16.7,5.0,46.0,0.0,,320.0,18.7,,1012.7,,No Rain,1985,1985-10-6, Charlotte
18.3,12.7,70.0,0.0,,200.0,18.4,,1014.2,,No Rain,1985,1985-11-17, Riverside
15.0,12.9,87.0,0.0,,360.0,13.0,,1008.0,,No Rain,1985,1985-11-3, Atlanta
11.7,4.0,59.0,0.0,,170.0,5.4,,1019.2,,No Rain,1985,1985-2-24, Richmond
10.6,2.2,56.0,0.0,,70.0,18.7,,1017.2,,No Rain,1985,1985-3-17, Atlanta
18.9,13.3,70.0,0.0,,300.0,7.6,,1014.5,,No Rain,1985,1985-4-28, Martinsville
16.7,5.6,48.0,0.0,,280.0,20.5,,1002.1,,No Rain,1985,1985-5-19, Dover
23.9,8.3,37.0,0.0,,50.0,9.4,,1011.5,,No Rain,1985,1985-5-26, Charlotte
16.1,15.0,93.0,0.3,,190.0,11.2,,1008.5,,Light Rain,1985,1985-6-16, Michigan
20.6,11.8,57.0,0.0,,190.0,18.4,,1015.6,,No Rain,1985,1985-6-2, Riverside
18.9,15.0,78.0,0.0,,180.0,13.0,,1009.4,,No Rain,1985,1985-6-9, Pocono
28.3,17.2,51.0,0.0,,270.0,11.2,,1013.2,,No Rain,1985,1985-7-21, Pocono
25.6,22.3,82.0,0.0,,240.0,11.2,,1014.4,,No Rain,1985,1985-8-11, Michigan
16.7,6.2,50.0,0.0,,300.0,11.2,,1030.4,,No Rain,1985,1985-9-15, Dover
21.1,16.7,76.0,0.0,,160.0,7.6,,1019.5,,No Rain,1985,1985-9-22, Martinsville
30.0,23.2,67.0,0.0,,150.0,0.0,,1017.7,,No Rain,1985,1985-9-8, Richmond
28.9,20.1,59.0,0.0,,230.0,16.6,,1012.0,,No Rain,1986,1986-10-5, Charlotte
22.8,13.3,55.0,0.0,,270.0,9.4,,1016.6,,No Rain,1986,1986-11-16, Riverside
16.7,14.0,84.0,0.0,,60.0,11.2,,1027.2,,No Rain,1986,1986-11-2, Atlanta
0.0,-2.9,81.0,2.8,,70.0,7.6,,1017.7,,Moderate Rain,1986,1986-2-23, Richmond
16.7,7.1,53.0,0.0,,300.0,11.2,,1012.5,,No Rain,1986,1986-3-16, Atlanta
21.1,18.9,87.0,0.0,,250.0,11.2,,1014.2,,No Rain,1986,1986-4-27, Martinsville
26.7,17.2,56.0,0.0,,220.0,11.2,,1013.9,,No Rain,1986,1986-5-18, Dover
27.8,16.1,49.0,0.0,,110.0,7.6,,1015.9,,No Rain,1986,1986-5-25, Charlotte
21.1,13.3,63.0,0.0,,170.0,14.8,,1010.8,,No Rain,1986,1986-6-1, Riverside
21.7,12.3,55.0,0.0,,20.0,13.0,,1018.2,,No Rain,1986,1986-6-15, Michigan
20.0,17.8,87.0,0.0,,100.0,14.8,,1010.8,,No Rain,1986,1986-6-8, Pocono
24.4,21.1,82.0,0.0,,160.0,11.2,,1013.6,,No Rain,1986,1986-7-20, Pocono
26.1,21.8,77.0,0.0,,190.0,7.6,,1012.0,,No Rain,1986,1986-8-17, Michigan
20.0,10.7,55.0,0.0,,290.0,11.2,,1020.2,,No Rain,1986,1986-9-14, Dover
25.0,21.1,79.0,0.0,,260.0,5.4,,1020.9,,No Rain,1986,1986-9-21, Martinsville
20.6,14.5,68.0,0.0,,340.0,0.0,,1013.2,,No Rain,1986,1986-9-7, Richmond
18.3,9.4,56.0,0.0,,100.0,7.6,,1027.7,,No Rain,1987,1987-10-11, Charlotte
5.0,-11.6,29.0,0.0,,320.0,7.6,,1024.5,,No Rain,1987,1987-11-22, Atlanta
19.4,14.0,71.0,0.0,,230.0,14.8,,1019.0,,No Rain,1987,1987-11-8, Riverside
15.6,-2.9,28.0,0.0,,180.0,14.8,,1018.0,,No Rain,1987,1987-3-15, Atlanta
18.3,1.3,32.0,0.0,,200.0,13.0,,1019.6,,No Rain,1987,1987-3-8, Richmond
8.3,5.6,83.0,0.0,,40.0,20.5,,1020.2,,No Rain,1987,1987-4-26, Martinsville
28.9,16.8,48.0,0.0,,190.0,11.2,,1019.7,,No Rain,1987,1987-5-24, Charlotte
29.4,21.6,63.0,0.0,,210.0,13.0,,1015.0,,No Rain,1987,1987-5-31, Dover
21.7,13.9,61.0,0.0,,170.0,11.2,,1010.0,,No Rain,1987,1987-6-14, Pocono
21.1,13.3,61.0,0.0,,180.0,22.3,,1012.5,,No Rain,1987,1987-6-21, Riverside
20.0,6.7,42.0,0.0,,290.0,29.5,,1011.1,,No Rain,1987,1987-6-28, Michigan
28.3,18.4,55.0,0.0,,250.0,13.0,,1018.5,,No Rain,1987,1987-7-19, Pocono
30.0,19.4,53.0,0.0,,190.0,9.4,,1013.4,,No Rain,1987,1987-8-16, Michigan
23.3,21.7,91.0,3.0,,60.0,3.6,,1016.1,,Moderate Rain,1987,1987-9-13, Richmond
16.7,14.3,86.0,0.0,,60.0,13.0,,1015.5,,No Rain,1987,1987-9-20, Dover
21.7,13.9,61.0,0.0,,230.0,5.4,,1020.6,,No Rain,1987,1987-9-27, Martinsville
12.2,5.6,64.0,0.0,,120.0,5.4,,1022.0,,No Rain,1988,1988-10-9, Charlotte
12.8,7.9,72.0,0.0,,90.0,18.7,,1017.8,,No Rain,1988,1988-11-20, Atlanta
28.3,4.6,22.0,0.0,,310.0,0.0,,1011.6,,No Rain,1988,1988-11-6, Phoenix
11.7,2.2,52.0,0.0,,260.0,3.6,,999.8,,No Rain,1988,1988-2-21, Richmond
8.3,-6.7,34.0,0.0,,310.0,22.3,,1017.0,,No Rain,1988,1988-3-20, Atlanta
18.3,15.0,81.0,0.0,,260.0,14.8,,1008.2,,No Rain,1988,1988-4-24, Martinsville
17.2,5.2,45.0,0.0,,20.0,9.4,,1015.5,,No Rain,1988,1988-5-1, Talladega
27.2,10.4,35.0,0.0,,60.0,9.4,,1015.9,,No Rain,1988,1988-5-29, Charlotte
20.0,11.7,59.0,0.0,,180.0,22.3,,1015.6,,No Rain,1988,1988-6-12, Riverside
26.7,13.8,45.0,0.0,,280.0,7.6,,1018.9,,No Rain,1988,1988-6-19, Pocono
37.2,16.2,29.0,0.0,,290.0,18.7,,1006.1,,No Rain,1988,1988-6-26, Michigan
16.1,6.2,52.0,0.0,,300.0,9.4,,1015.5,,No Rain,1988,1988-6-5, Dover
21.1,20.6,97.0,4.3,,90.0,11.2,,1017.0,,Moderate Rain,1988,1988-7-24, Pocono
28.9,22.2,67.0,0.0,,210.0,7.6,,1019.7,,No Rain,1988,1988-7-31, Talladega
22.8,7.4,37.0,0.0,,350.0,11.2,,1010.5,,No Rain,1988,1988-8-21, Michigan
22.8,17.7,73.0,0.0,,300.0,3.6,,1018.6,,No Rain,1988,1988-9-11, Richmond
17.2,16.7,97.0,0.3,,220.0,11.2,,1022.9,,Light Rain,1988,1988-9-18, Dover
20.0,18.8,93.0,0.0,,40.0,9.4,,1015.1,,No Rain,1988,1988-9-25, Martinsville
21.1,10.6,51.0,0.0,,70.0,13.0,,1014.2,,No Rain,1989,1989-10-8, Charlotte
10.0,-1.7,44.0,0.0,,290.0,7.6,,1027.7,,No Rain,1989,1989-11-19, Atlanta
26.1,-1.7,16.0,0.0,,200.0,9.4,,1011.1,,No Rain,1989,1989-11-5, Phoenix
22.8,13.8,57.0,0.0,,340.0,11.2,,1018.9,,No Rain,1989,1989-3-19, Atlanta
16.1,4.5,46.0,0.0,,190.0,3.6,,1017.1,,No Rain,1989,1989-3-26, Richmond
21.1,6.2,38.0,0.0,,,0.0,,1012.4,,No Rain,1989,1989-4-23, Martinsville
28.3,13.4,40.0,0.0,,330.0,16.6,,1017.7,,No Rain,1989,1989-5-28, Charlotte
18.3,3.0,36.0,0.0,,310.0,16.6,,1016.9,,No Rain,1989,1989-5-7, Talladega
15.0,11.8,81.0,0.0,,250.0,18.7,,1014.7,,No Rain,1989,1989-6-11, Sonoma
22.2,13.8,59.0,0.0,,220.0,7.6,,1018.8,,No Rain,1989,1989-6-18, Pocono
24.4,20.5,79.0,0.0,,230.0,13.0,,1017.3,,No Rain,1989,1989-6-25, Michigan
22.8,17.3,71.0,0.0,,150.0,20.5,,1012.6,,No Rain,1989,1989-6-4, Dover
26.7,22.8,79.0,0.0,,200.0,7.6,,1023.1,,No Rain,1989,1989-7-23, Pocono
31.1,22.7,61.0,0.0,,310.0,20.5,,1015.0,,No Rain,1989,1989-7-30, Talladega
21.7,17.9,79.0,0.0,,220.0,9.4,,1015.7,,No Rain,1989,1989-8-20, Michigan
27.2,20.5,67.0,0.0,,180.0,5.4,,1012.8,,No Rain,1989,1989-9-10, Richmond
20.0,20.0,100.0,0.0,,40.0,13.0,,1013.6,,No Rain,1989,1989-9-17, Dover
13.9,11.8,87.0,0.0,,360.0,18.7,,1016.0,,No Rain,1989,1989-9-24, Martinsville
22.8,10.6,46.0,0.0,,130.0,5.4,,1020.8,,No Rain,1990,1990-10-7, Charlotte
10.6,0.6,50.0,0.0,,340.0,22.3,,1020.3,,No Rain,1990,1990-11-18, Atlanta
20.6,-1.9,22.0,0.0,,180.0,7.6,,1016.4,,No Rain,1990,1990-11-4, Phoenix
5.6,-7.3,39.0,0.0,,300.0,13.0,,1009.6,,No Rain,1990,1990-2-25, Richmond
15.6,4.3,47.0,0.0,,320.0,20.5,,1012.1,,No Rain,1990,1990-3-18, Atlanta
19.4,15.7,79.0,0.0,,170.0,9.4,,1010.6,,No Rain,1990,1990-4-29, Martinsville
26.7,18.3,60.0,0.0,,240.0,20.5,,1009.7,,No Rain,1990,1990-5-27, Charlotte
15.6,9.5,67.0,0.0,,330.0,18.7,,1015.6,,No Rain,1990,1990-5-6, Talladega
21.7,13.9,61.0,0.0,,250.0,16.6,,1009.6,,No Rain,1990,1990-6-10, Sonoma
25.6,18.3,64.0,0.0,,160.0,13.0,,1018.9,,No Rain,1990,1990-6-17, Pocono
15.6,11.2,75.0,0.0,,290.0,27.7,,1005.0,,No Rain,1990,1990-6-24, Michigan
25.6,16.7,58.0,0.0,,210.0,22.3,,1018.8,,No Rain,1990,1990-6-3, Dover
23.3,20.1,82.0,0.0,,80.0,9.4,,1012.6,,No Rain,1990,1990-7-22, Pocono
26.7,17.8,58.0,0.0,,160.0,11.2,,1014.5,,No Rain,1990,1990-8-19, Michigan
19.4,11.7,61.0,0.0,,300.0,13.0,,1006.6,,No Rain,1990,1990-9-16, Dover
24.4,18.8,71.0,0.0,,330.0,18.7,,1008.1,,No Rain,1990,1990-9-23, Martinsville
21.7,17.3,76.0,0.0,,150.0,11.2,,1022.0,,No Rain,1990,1990-9-9, Richmond
23.9,20.6,82.0,0.0,,170.0,14.8,,1012.5,,No Rain,1991,1991-10-6, Charlotte
18.3,12.7,70.0,0.0,,300.0,9.4,,1021.2,,No Rain,1991,1991-11-17, Atlanta
23.9,1.5,23.0,0.0,,220.0,11.2,,1016.8,,No Rain,1991,1991-11-3, Phoenix
1.7,-11.8,36.0,0.0,,50.0,14.8,,1028.0,,No Rain,1991,1991-2-24, Richmond
8.9,8.9,100.0,0.0,,100.0,18.7,,1017.3,,No Rain,1991,1991-3-18, Atlanta
19.4,12.9,66.0,0.0,,,0.0,,1020.6,,No Rain,1991,1991-4-14, Bristol
19.4,16.1,81.0,0.0,,,0.0,,1014.8,,No Rain,1991,1991-4-28, Martinsville
27.8,20.1,63.0,0.0,,180.0,14.8,,1016.5,,No Rain,1991,1991-5-26, Charlotte
18.9,17.2,90.0,0.0,,180.0,9.4,,1016.0,,No Rain,1991,1991-5-6, Talladega
30.6,16.6,43.0,0.0,,210.0,13.0,,1008.6,,No Rain,1991,1991-6-16, Pocono
28.3,14.9,44.0,0.0,,20.0,13.0,,1008.2,,No Rain,1991,1991-6-2, Dover
15.6,15.6,100.0,0.0,,30.0,20.5,,1016.2,,No Rain,1991,1991-6-23, Michigan
20.6,10.1,51.0,0.0,,290.0,18.7,,1009.7,,No Rain,1991,1991-6-9, Sonoma
31.1,21.6,57.0,0.0,,220.0,14.8,,1015.9,,No Rain,1991,1991-7-21, Pocono
28.3,22.8,72.0,0.0,,360.0,9.4,,1016.7,,No Rain,1991,1991-7-28, Talladega
20.0,18.8,93.0,0.0,,220.0,9.4,,1008.1,,No Rain,1991,1991-8-18, Michigan
25.0,17.2,62.0,0.0,,30.0,5.4,,1020.5,,No Rain,1991,1991-8-24, Bristol
21.7,21.0,96.0,0.0,,80.0,9.4,,1018.5,,No Rain,1991,1991-9-15, Dover
15.6,7.9,60.0,0.0,,30.0,7.6,,1025.4,,No Rain,1991,1991-9-22, Martinsville
21.7,20.0,90.0,0.0,,300.0,3.6,,1021.3,,No Rain,1991,1991-9-7, Richmond
18.3,8.3,52.0,0.0,,220.0,9.4,,1015.9,,No Rain,1992,1992-10-11, Charlotte
26.1,6.7,29.0,0.0,,220.0,18.7,,1011.3,,No Rain,1992,1992-11-1, Phoenix
10.6,1.7,54.0,0.0,,230.0,13.0,,1022.2,,No Rain,1992,1992-11-15, Atlanta
24.4,15.6,58.0,0.0,,270.0,18.4,,1017.7,,No Rain,1992,1992-2-16, Daytona
15.0,-2.9,29.0,0.0,,320.0,22.3,,1013.9,,No Rain,1992,1992-3-15, Atlanta
13.3,10.7,84.0,0.0,,240.0,0.0,,1008.5,,No Rain,1992,1992-3-8, Richmond
13.9,0.2,39.0,0.0,,330.0,29.5,,1008.5,,No Rain,1992,1992-4-26, Martinsville
5.6,-1.1,62.0,0.0,,320.0,27.7,,1009.4,,No Rain,1992,1992-4-5, Bristol
29.4,5.5,22.0,0.0,,90.0,5.4,,1013.9,,No Rain,1992,1992-5-24, Charlotte
26.7,13.4,44.0,0.0,,220.0,18.7,,1017.3,,No Rain,1992,1992-5-3, Talladega
16.1,16.1,100.0,1.0,,130.0,18.7,,1021.7,,Light Rain,1992,1992-5-31, Dover
25.0,10.5,40.0,0.0,,190.0,27.7,,1012.1,,No Rain,1992,1992-6-14, Pocono
11.7,6.2,69.0,0.0,,360.0,9.4,,1016.2,,No Rain,1992,1992-6-21, Michigan
18.3,12.3,68.0,0.0,,250.0,24.1,,1008.3,,No Rain,1992,1992-6-7, Sonoma
25.6,16.7,58.0,0.0,,240.0,13.0,,1015.7,,No Rain,1992,1992-7-19, Pocono
30.0,21.7,61.0,0.0,,240.0,16.6,,1018.5,,No Rain,1992,1992-7-26, Talladega
32.7,18.9,44.0,0.0,,300.0,9.0,,1016.9,,No Rain,1992,1992-7-4, Daytona
17.8,12.3,70.0,0.0,,30.0,14.8,,1022.1,,No Rain,1992,1992-8-16, Michigan
19.4,12.2,63.0,0.0,,290.0,20.5,,1012.9,,No Rain,1992,1992-8-29, Bristol
18.9,11.2,61.0,0.0,,330.0,7.6,,1020.5,,No Rain,1992,1992-9-12, Richmond
20.0,11.7,59.0,0.0,,40.0,7.6,,1016.0,,No Rain,1992,1992-9-20, Dover
20.6,19.9,96.0,0.0,,30.0,7.6,,1018.7,,No Rain,1992,1992-9-28, Martinsville
24.4,13.9,52.0,0.0,,210.0,13.0,,1009.5,,No Rain,1993,1993-10-10, Charlotte
24.4,-12.0,8.0,0.0,,120.0,9.0,,1017.7,,No Rain,1993,1993-10-31, Phoenix
20.0,15.6,76.0,0.0,,120.0,13.0,,1021.9,,No Rain,1993,1993-11-14, Atlanta
17.2,8.3,56.0,0.0,,280.0,22.0,,1015.0,,No Rain,1993,1993-2-14, Daytona
10.0,-8.7,26.0,0.0,,90.0,27.7,,1029.8,,No Rain,1993,1993-3-20, Atlanta
5.0,-4.6,50.0,0.0,,300.0,0.0,,1014.9,,No Rain,1993,1993-3-7, Richmond
20.0,4.5,36.0,0.0,,200.0,22.3,,1019.0,,No Rain,1993,1993-4-25, Martinsville
10.0,-4.4,36.0,0.0,,,0.0,,1021.2,,No Rain,1993,1993-4-4, Bristol
17.8,9.9,60.0,0.0,,280.0,38.9,,1013.9,,No Rain,1993,1993-5-16, Sonoma
21.7,14.4,63.0,0.0,,130.0,11.2,,1014.8,,No Rain,1993,1993-5-2, Talladega
26.7,17.8,58.0,0.0,,310.0,16.6,,1015.9,,No Rain,1993,1993-5-30, Charlotte
22.7,13.2,55.0,0.0,,130.0,14.8,,1023.0,,No Rain,1993,1993-6-13, Pocono
26.7,24.0,85.0,0.0,,260.0,9.4,,1016.1,,No Rain,1993,1993-6-20, Michigan
19.4,16.6,84.0,0.0,,70.0,13.0,,1009.7,,No Rain,1993,1993-6-6, Dover
31.1,15.5,39.0,0.0,,290.0,20.5,,1008.6,,No Rain,1993,1993-7-11, New Hampshire
25.0,10.5,40.0,0.0,,320.0,14.8,,1015.8,,No Rain,1993,1993-7-18, Pocono
31.7,24.3,65.0,0.0,,,0.0,,1015.4,,No Rain,1993,1993-7-25, Talladega
24.4,18.8,71.0,1.3,,230.0,9.0,,1016.6,,Light Rain,1993,1993-7-3, Daytona
30.6,18.3,48.0,0.0,,330.0,9.4,,1017.6,,No Rain,1993,1993-8-15, Michigan
21.7,19.4,87.0,0.0,,,0.0,,1019.0,,No Rain,1993,1993-8-28, Bristol
22.8,8.9,41.0,0.0,,300.0,5.4,,1008.9,,No Rain,1993,1993-9-11, Richmond
18.9,18.2,96.0,0.0,,,0.0,,1015.5,,No Rain,1993,1993-9-19, Dover
16.1,15.6,97.0,0.0,,30.0,7.6,,1017.2,,No Rain,1993,1993-9-26, Martinsville
30.0,3.9,19.0,0.0,,230.0,9.0,,1007.2,,No Rain,1994,1994-10-30, Phoenix
22.8,17.3,71.0,0.0,,150.0,5.4,,1020.6,,No Rain,1994,1994-10-9, Charlotte
15.0,-1.2,33.0,0.0,,80.0,14.8,,1024.1,,No Rain,1994,1994-11-13, Atlanta
20.5,17.1,81.0,0.0,,70.0,20.2,,1019.0,,No Rain,1994,1994-2-20, Daytona
12.8,-4.4,30.0,0.0,,90.0,14.8,,1029.7,,No Rain,1994,1994-3-13, Atlanta
7.8,-4.3,42.0,0.0,,330.0,11.2,,1016.0,,No Rain,1994,1994-3-6, Richmond
18.9,8.8,52.0,0.0,,200.0,14.8,,1020.1,,No Rain,1994,1994-4-10, Bristol
15.0,1.1,39.0,0.0,,180.0,13.0,,1019.6,,No Rain,1994,1994-4-24, Martinsville
22.8,16.6,68.0,0.0,,200.0,13.0,,1015.9,,No Rain,1994,1994-5-1, Talladega
17.8,11.1,65.0,0.0,,280.0,40.7,,1011.4,,No Rain,1994,1994-5-15, Sonoma
23.3,11.0,46.0,0.0,,140.0,7.6,,1019.0,,No Rain,1994,1994-5-29, Charlotte
17.8,16.7,93.0,0.0,,80.0,13.0,,1018.9,,No Rain,1994,1994-6-12, Pocono
32.8,20.7,49.0,0.0,,90.0,11.2,,1017.1,,No Rain,1994,1994-6-19, Michigan
25.0,7.2,32.0,0.0,,180.0,7.6,,1017.1,,No Rain,1994,1994-6-5, Dover
22.8,21.1,90.0,0.0,,110.0,5.4,,1012.8,,No Rain,1994,1994-7-10, New Hampshire
26.7,18.3,60.0,0.0,,340.0,9.4,,1018.0,,No Rain,1994,1994-7-17, Pocono
22.7,20.4,87.0,0.0,,170.0,14.8,,1016.8,,No Rain,1994,1994-7-2, Daytona
30.6,19.0,50.0,0.0,,300.0,9.4,,1014.5,,No Rain,1994,1994-7-24, Talladega
19.4,18.9,97.0,0.5,,190.0,9.4,,1008.0,,Light Rain,1994,1994-8-21, Michigan
25.0,19.4,71.0,0.0,,,0.0,,1019.7,,No Rain,1994,1994-8-27, Bristol
20.0,8.3,47.0,0.0,,30.0,13.0,,1021.8,,No Rain,1994,1994-8-6, Indianapolis
21.7,15.1,66.0,0.0,,170.0,0.0,,1016.0,,No Rain,1994,1994-9-10, Richmond
25.6,20.6,74.0,0.0,,210.0,9.4,,1008.7,,No Rain,1994,1994-9-18, Dover
19.4,19.4,100.0,0.0,,160.0,5.4,,1016.8,,No Rain,1994,1994-9-25, Martinsville
29.4,-0.9,14.0,0.0,,260.0,5.4,,1006.7,,No Rain,1995,1995-10-29, Phoenix
21.1,13.8,63.0,0.0,,220.0,7.6,,1013.1,,No Rain,1995,1995-10-8, Charlotte
2.8,-2.7,67.0,0.0,,310.0,22.3,,1017.9,,No Rain,1995,1995-11-12, Atlanta
17.7,15.0,84.0,0.0,,50.0,18.4,,1021.2,,No Rain,1995,1995-2-19, Daytona
16.7,-4.6,23.0,0.0,,190.0,16.6,,1029.1,,No Rain,1995,1995-3-12, Atlanta
4.4,0.0,73.0,0.0,,20.0,5.4,,1030.5,,No Rain,1995,1995-3-5, Richmond
10.0,-5.6,33.0,0.0,,260.0,14.8,,1012.4,,No Rain,1995,1995-4-2, Bristol
22.8,11.2,48.0,0.0,,260.0,9.4,,1011.6,,No Rain,1995,1995-4-23, Martinsville
24.4,8.4,36.0,0.0,,220.0,16.6,,1013.8,,No Rain,1995,1995-4-30, Talladega
20.6,18.9,90.0,0.0,,60.0,11.2,,1020.0,,No Rain,1995,1995-5-28, Charlotte
18.9,8.8,52.0,0.0,,290.0,25.9,,1010.4,,No Rain,1995,1995-5-7, Sonoma
19.4,15.1,76.0,0.0,,150.0,13.0,,1018.2,,No Rain,1995,1995-6-11, Pocono
29.4,15.2,42.0,0.0,,250.0,11.2,,1023.3,,No Rain,1995,1995-6-18, Michigan
23.3,20.1,82.0,0.0,,250.0,16.6,,1013.9,,No Rain,1995,1995-6-4, Dover
23.8,21.1,85.0,1.0,,220.0,0.0,,1014.9,,Light Rain,1995,1995-7-1, Daytona
33.9,26.1,64.0,0.0,,220.0,16.6,,1010.7,,No Rain,1995,1995-7-16, Pocono
33.3,20.5,47.0,0.0,,240.0,20.5,,1013.0,,No Rain,1995,1995-7-23, Talladega
22.2,19.0,82.0,0.0,,,0.0,,1008.7,,No Rain,1995,1995-7-9, New Hampshire
27.2,20.5,67.0,0.0,,60.0,11.2,,1014.7,,No Rain,1995,1995-8-20, Michigan
28.9,18.4,53.0,0.0,,120.0,9.4,,1013.9,,No Rain,1995,1995-8-26, Bristol
23.9,23.2,96.0,0.8,,50.0,20.5,,1016.2,,Light Rain,1995,1995-8-5, Indianapolis
18.3,12.7,70.0,0.0,,100.0,9.4,,1022.5,,No Rain,1995,1995-9-17, Dover
9.4,6.1,80.0,0.0,,20.0,14.8,,1025.6,,No Rain,1995,1995-9-24, Martinsville
27.8,17.3,53.0,0.0,,120.0,16.6,,1013.2,,No Rain,1995,1995-9-9, Richmond
17.0,1.8,36.0,0.0,,40.0,29.5,,1007.6,,No Rain,1996,1996-10-27, Phoenix
14.2,6.3,59.0,0.0,,20.0,5.4,,1031.0,,No Rain,1996,1996-10-6, Charlotte
6.1,-7.2,38.0,0.0,,220.0,7.6,,1019.6,,No Rain,1996,1996-11-10, Atlanta
7.7,-10.1,27.0,0.0,,250.0,16.6,,1018.0,,No Rain,1996,1996-2-18, Daytona
1.7,-11.1,38.0,0.0,,310.0,14.8,,1033.2,,No Rain,1996,1996-3-10, Atlanta
3.3,0.5,82.0,0.0,,90.0,11.2,,1008.6,,No Rain,1996,1996-3-3, Richmond
13.9,6.7,62.0,0.0,,160.0,13.0,,1014.4,,No Rain,1996,1996-3-31, Bristol
15.6,14.0,90.0,0.0,,220.0,31.7,,1013.7,,No Rain,1996,1996-4-21, Martinsville
22.8,7.7,38.0,0.0,,80.0,11.2,,1016.9,,No Rain,1996,1996-4-28, Talladega
26.7,19.3,64.0,0.0,,90.0,11.2,,1015.9,,No Rain,1996,1996-5-26, Charlotte
18.9,6.0,43.0,0.0,,280.0,25.9,,1018.0,,No Rain,1996,1996-5-5, Sonoma
26.1,14.6,49.0,0.0,,340.0,7.6,,1014.6,,No Rain,1996,1996-6-16, Pocono
18.9,7.6,48.0,0.0,,150.0,14.8,,1027.3,,No Rain,1996,1996-6-2, Dover
25.0,12.9,47.0,0.0,,310.0,22.3,,1010.4,,No Rain,1996,1996-6-23, Michigan
18.3,17.8,97.0,0.0,,50.0,18.7,,999.9,,No Rain,1996,1996-7-14, New Hampshire
22.2,7.2,38.0,0.0,,300.0,13.0,,1009.8,,No Rain,1996,1996-7-21, Pocono
21.3,21.1,99.0,2.5,,330.0,18.7,,1022.4,,Moderate Rain,1996,1996-7-28, Talladega
24.4,21.7,85.0,0.0,,140.0,9.4,,1017.7,,No Rain,1996,1996-7-6, Daytona
23.9,16.2,62.0,0.0,,190.0,5.4,,1019.8,,No Rain,1996,1996-8-18, Michigan
25.6,18.3,64.0,0.0,,,0.0,,1019.7,,No Rain,1996,1996-8-24, Bristol
25.0,15.6,56.0,0.0,,330.0,13.0,,1015.4,,No Rain,1996,1996-8-3, Indianapolis
17.8,10.7,63.0,0.0,,220.0,7.6,,1010.3,,No Rain,1996,1996-9-15, Dover
19.4,14.0,71.0,0.0,,200.0,9.4,,1012.3,,No Rain,1996,1996-9-22, Martinsville
27.2,22.2,74.0,0.0,,160.0,27.7,,1004.7,,No Rain,1996,1996-9-7, Richmond
25.0,15.9,57.0,0.0,,,7.6,,1020.4,,No Rain,1997,1997-10-12, Talladega
21.1,12.5,58.0,0.0,,150.0,5.4,,1020.0,,No Rain,1997,1997-10-5, Charlotte
6.7,4.4,85.0,0.0,,270.0,14.8,,1019.3,,No Rain,1997,1997-11-16, Atlanta
31.0,2.2,16.0,0.0,,190.0,14.8,,1012.2,,No Rain,1997,1997-11-2, Phoenix
11.1,10.0,93.0,0.0,,190.0,13.0,,1018.4,,No Rain,1997,1997-3-2, Richmond
20.0,2.8,32.0,0.0,,220.0,5.4,,1025.1,,No Rain,1997,1997-3-9, Atlanta
16.7,15.1,90.0,0.0,,,0.0,,1005.3,,No Rain,1997,1997-4-13, Bristol
11.7,6.2,69.0,0.0,,310.0,9.4,,1004.5,,No Rain,1997,1997-4-20, Martinsville
22.8,9.6,43.0,0.0,,210.0,33.5,,1003.9,,No Rain,1997,1997-4-6, Texas
21.2,9.8,48.0,0.0,,360.0,16.6,,1017.7,,No Rain,1997,1997-5-10, Talladega
25.4,15.1,53.0,0.0,,180.0,14.8,,1016.7,,No Rain,1997,1997-5-25, Charlotte
16.7,10.5,67.0,0.0,,280.0,27.7,,1018.9,,No Rain,1997,1997-5-4, Sonoma
22.2,17.8,76.0,0.0,,110.0,5.4,,1013.9,,No Rain,1997,1997-6-1, Dover
21.1,9.0,46.0,0.0,,110.0,11.2,,1013.6,,No Rain,1997,1997-6-15, Michigan
23.3,16.6,66.0,0.0,,250.0,13.0,,1010.1,,No Rain,1997,1997-6-22, California (Auto Club)
16.1,6.8,54.0,0.0,,110.0,9.4,,1021.1,,No Rain,1997,1997-6-8, Pocono
26.1,13.9,47.0,0.0,,360.0,5.4,,1014.0,,No Rain,1997,1997-7-13, New Hampshire
23.9,7.9,36.0,0.0,,360.0,14.8,,1013.8,,No Rain,1997,1997-7-20, Pocono
25.0,21.9,83.0,0.0,,260.0,22.3,,1014.9,,No Rain,1997,1997-7-5, Daytona
21.1,20.6,97.0,0.0,,190.0,18.7,,1010.9,,No Rain,1997,1997-8-17, Michigan
27.2,16.8,53.0,0.0,,220.0,11.2,,1019.5,,No Rain,1997,1997-8-2, Indianapolis
19.4,9.3,52.0,0.0,,340.0,14.8,,1016.2,,No Rain,1997,1997-8-23, Bristol
18.9,15.6,81.0,0.0,,,0.0,,1015.7,,No Rain,1997,1997-9-14, New Hampshire
19.4,16.1,81.0,0.3,,320.0,29.5,,1009.9,,Light Rain,1997,1997-9-21, Dover
16.1,15.6,97.0,0.0,,10.0,7.6,,1003.3,,No Rain,1997,1997-9-29, Martinsville
18.9,13.1,69.0,0.0,,280.0,9.4,,1019.0,,No Rain,1997,1997-9-6, Richmond
19.4,13.3,68.0,0.0,,,0.0,,1017.2,,No Rain,1998,1998-10-11, Talladega
25.0,20.9,78.0,0.0,,50.0,13.0,,1021.4,,No Rain,1998,1998-10-17, Daytona
29.0,11.1,33.0,0.0,,180.0,5.4,,1012.2,,No Rain,1998,1998-10-25, Phoenix
20.0,11.2,57.0,0.0,,160.0,11.2,,1019.1,,No Rain,1998,1998-10-4, Charlotte
11.1,2.1,54.0,0.0,,130.0,5.4,,1026.8,,No Rain,1998,1998-11-8, Atlanta
13.3,8.4,72.0,0.0,,80.0,16.6,,1020.0,,No Rain,1998,1998-2-15, Daytona
12.2,-6.3,27.0,0.0,,,7.6,,1023.5,,No Rain,1998,1998-3-1, Las Vegas
21.7,9.9,47.0,0.0,,270.0,22.3,,1014.9,,No Rain,1998,1998-3-29, Bristol
15.6,15.6,100.0,2.0,,150.0,16.6,,1001.0,,Light Rain,1998,1998-3-9, Atlanta
12.2,11.7,97.0,1.0,,110.0,7.6,,1011.4,,Light Rain,1998,1998-4-20, Martinsville
21.4,9.9,48.0,0.0,,200.0,14.8,,1017.2,,No Rain,1998,1998-4-26, Talladega
15.0,6.0,55.0,0.0,,360.0,18.7,,1015.3,,No Rain,1998,1998-4-5, Texas
28.8,19.4,57.0,0.0,,240.0,13.0,,1012.5,,No Rain,1998,1998-5-24, Charlotte
21.1,16.1,73.0,0.0,,190.0,16.6,,1013.5,,No Rain,1998,1998-5-3, California (Auto Club)
27.2,21.7,72.0,0.0,,170.0,9.4,,1013.0,,No Rain,1998,1998-5-31, Dover
22.8,13.8,57.0,0.0,,330.0,16.6,,1005.6,,No Rain,1998,1998-6-14, Michigan
27.8,18.2,56.0,0.0,,340.0,13.0,,1010.4,,No Rain,1998,1998-6-21, Pocono
18.3,12.3,68.0,0.0,,270.0,35.3,,1013.1,,No Rain,1998,1998-6-28, Sonoma
15.6,11.8,78.0,1.5,,360.0,14.8,,1009.7,,Light Rain,1998,1998-6-6, Richmond
20.0,10.7,55.0,0.0,,340.0,22.3,,1010.1,,No Rain,1998,1998-7-12, New Hampshire
23.3,14.0,56.0,0.0,,10.0,5.4,,1019.2,,No Rain,1998,1998-7-26, Pocono
26.1,13.2,45.0,0.0,,50.0,13.0,,1021.8,,No Rain,1998,1998-8-1, Indianapolis
21.7,20.0,90.0,6.6,,300.0,5.4,,1012.9,,Moderate Rain,1998,1998-8-16, Michigan
24.4,16.6,62.0,0.0,,,0.0,,1021.6,,No Rain,1998,1998-8-22, Bristol
21.7,15.5,68.0,0.0,,280.0,7.6,,1014.3,,No Rain,1998,1998-9-12, Richmond
22.8,19.4,81.0,0.0,,170.0,11.2,,1014.5,,No Rain,1998,1998-9-20, Dover
25.6,19.5,69.0,0.0,,200.0,11.2,,1018.6,,No Rain,1998,1998-9-27, Martinsville
18.9,18.9,100.0,3.3,,170.0,5.4,,1018.7,,Moderate Rain,1999,1999-10-11, Charlotte
21.7,16.6,73.0,0.0,,60.0,5.4,,1014.6,,No Rain,1999,1999-10-17, Talladega
19.4,13.3,68.0,0.0,,,0.0,,1022.0,,No Rain,1999,1999-10-3, Martinsville
23.0,19.0,78.0,0.0,,40.0,16.6,,1016.7,,No Rain,1999,1999-11-14, Homestead
31.1,2.3,16.0,0.0,,290.0,7.6,,1013.8,,No Rain,1999,1999-11-7, Phoenix
14.0,-5.7,25.0,0.0,,320.0,13.0,,1024.4,,No Rain,1999,1999-2-14, Daytona
13.3,7.7,69.0,0.5,,30.0,7.6,,1016.3,,Light Rain,1999,1999-3-28, Texas
22.8,-10.4,10.0,0.0,,200.0,31.7,,1003.8,,No Rain,1999,1999-3-7, Las Vegas
22.8,7.4,37.0,0.0,,,0.0,,1010.6,,No Rain,1999,1999-4-11, Bristol
12.8,-2.7,34.0,0.0,,300.0,18.7,,1012.2,,No Rain,1999,1999-4-18, Martinsville
22.8,21.1,90.0,0.0,,330.0,13.0,,1018.4,,No Rain,1999,1999-4-25, Talladega
15.6,4.3,47.0,0.0,,90.0,22.3,,1022.6,,No Rain,1999,1999-5-15, Richmond
17.0,11.1,68.0,0.0,,230.0,14.8,,1016.5,,No Rain,1999,1999-5-2, California (Auto Club)
25.6,12.1,43.0,0.0,,190.0,5.4,,1021.1,,No Rain,1999,1999-5-30, Charlotte
23.3,20.6,85.0,0.0,,50.0,5.4,,1018.4,,No Rain,1999,1999-6-13, Michigan
23.3,8.2,38.0,0.0,,120.0,9.4,,1027.9,,No Rain,1999,1999-6-20, Pocono
19.0,10.0,56.0,0.0,,300.0,22.3,,1010.4,,No Rain,1999,1999-6-27, Sonoma
20.0,10.7,55.0,0.0,,140.0,20.5,,1025.1,,No Rain,1999,1999-6-6, Dover
18.9,10.7,59.0,0.0,,330.0,24.1,,1009.6,,No Rain,1999,1999-7-11, New Hampshire
31.7,18.3,45.0,0.0,,220.0,24.1,,1006.9,,No Rain,1999,1999-7-25, Pocono
23.3,15.1,60.0,0.0,,100.0,13.0,,1017.1,,No Rain,1999,1999-8-22, Michigan
25.0,18.9,69.0,0.0,,,0.0,,1013.9,,No Rain,1999,1999-8-28, Bristol
26.7,15.1,49.0,0.0,,290.0,13.0,,1015.3,,No Rain,1999,1999-8-7, Indianapolis
21.0,18.0,83.0,0.0,,280.0,11.2,,1009.7,,No Rain,1999,1999-9-11, Richmond
12.8,4.0,55.0,0.0,,20.0,9.4,,1017.9,,No Rain,1999,1999-9-19, New Hampshire
19.4,11.2,59.0,0.0,,330.0,7.6,,1017.6,,No Rain,1999,1999-9-26, Dover
16.7,14.0,84.0,0.0,,30.0,9.4,,1022.4,,No Rain,2000,2000-10-1, Martinsville
15.0,10.6,75.0,0.0,,,0.0,,1022.5,,No Rain,2000,2000-10-15, Talladega
15.0,8.2,64.0,0.0,,350.0,11.2,,1020.9,,No Rain,2000,2000-10-8, Charlotte
24.4,8.8,37.0,0.0,,360.0,9.4,,1012.9,,No Rain,2000,2000-11-12, Homestead
4.4,4.4,100.0,0.0,,30.0,9.4,,1021.5,,No Rain,2000,2000-11-20, Atlanta
17.8,11.1,65.0,0.0,,230.0,11.2,,1011.7,,No Rain,2000,2000-11-5, Phoenix
25.0,15.0,54.0,0.0,,270.0,7.6,,1021.4,,No Rain,2000,2000-2-20, Daytona
15.6,12.2,80.0,0.0,,280.0,31.7,,1010.5,,No Rain,2000,2000-3-12, Atlanta
16.1,9.3,64.0,0.0,,20.0,5.4,,1015.0,,No Rain,2000,2000-3-26, Bristol
19.4,2.7,33.0,0.0,,220.0,9.4,,1004.7,,No Rain,2000,2000-3-5, Las Vegas
19.4,13.3,68.0,0.0,,290.0,5.4,,1016.5,,No Rain,2000,2000-4-16, Talladega
13.9,12.1,89.0,0.5,,360.0,20.5,,1011.7,,Light Rain,2000,2000-4-2, Texas
23.3,6.6,34.0,0.0,,270.0,16.6,,1015.1,,No Rain,2000,2000-4-30, California (Auto Club)
6.7,1.6,70.0,0.0,,300.0,22.3,,1007.4,,No Rain,2000,2000-4-9, Martinsville
29.4,20.0,57.0,0.0,,210.0,7.6,,1010.0,,No Rain,2000,2000-5-28, Charlotte
23.0,19.0,78.0,0.0,,220.0,5.4,,1019.2,,No Rain,2000,2000-5-6, Richmond
30.0,18.8,51.0,0.0,,230.0,24.1,,1013.7,,No Rain,2000,2000-6-11, Michigan
18.3,17.1,93.0,0.3,,330.0,11.2,,1015.7,,Light Rain,2000,2000-6-19, Pocono
20.0,12.3,61.0,0.0,,250.0,29.5,,1016.6,,No Rain,2000,2000-6-25, Sonoma
20.6,10.1,51.0,0.0,,300.0,9.4,,1019.0,,No Rain,2000,2000-6-4, Dover
24.4,22.3,88.0,0.0,,260.0,13.0,,1015.2,,No Rain,2000,2000-7-1, Daytona
22.8,12.1,51.0,0.0,,290.0,9.4,,1016.9,,No Rain,2000,2000-7-23, Pocono
21.7,8.2,42.0,0.0,,10.0,9.4,,1016.0,,No Rain,2000,2000-7-9, New Hampshire
20.0,10.7,55.0,0.0,,350.0,9.4,,1023.3,,No Rain,2000,2000-8-20, Michigan
23.9,14.9,57.0,0.0,,30.0,14.8,,1018.1,,No Rain,2000,2000-8-5, Indianapolis
11.7,4.9,63.0,0.0,,230.0,5.4,,1010.0,,No Rain,2000,2000-9-17, New Hampshire
20.0,20.0,100.0,0.0,,30.0,5.4,,1012.8,,No Rain,2000,2000-9-24, Dover
22.0,18.0,78.0,0.0,,250.0,9.4,,1020.0,,No Rain,2000,2000-9-9, Richmond
19.4,18.2,93.0,0.0,,320.0,7.6,,1010.0,,No Rain,2001,2001-10-15, Martinsville
17.2,14.5,84.0,0.0,,,0.0,,1019.8,,No Rain,2001,2001-10-21, Talladega
35.0,9.4,21.0,0.0,,,0.0,,1010.2,,No Rain,2001,2001-10-28, Phoenix
14.4,3.8,49.0,0.0,,10.0,24.1,,1017.1,,No Rain,2001,2001-10-7, Charlotte
21.7,17.9,79.0,0.0,,100.0,5.4,,1020.4,,No Rain,2001,2001-11-11, Homestead
18.3,8.8,54.0,0.0,,90.0,7.6,,1025.7,,No Rain,2001,2001-11-18, Atlanta
2.2,-2.1,73.0,0.0,,,0.0,,1021.7,,No Rain,2001,2001-11-23, New Hampshire
17.8,13.9,78.0,0.0,,50.0,22.3,,1020.1,,No Rain,2001,2001-2-18, Daytona
12.2,-2.8,35.0,0.0,,150.0,5.4,,1017.4,,No Rain,2001,2001-3-11, Atlanta
10.0,3.3,63.0,0.0,,330.0,14.8,,1016.4,,No Rain,2001,2001-3-25, Bristol
15.0,-3.4,28.0,0.0,,,0.0,,1012.0,,No Rain,2001,2001-3-4, Las Vegas
20.0,11.7,59.0,0.0,,330.0,22.3,,1014.6,,No Rain,2001,2001-4-1, Texas
23.9,10.6,43.0,0.0,,200.0,7.6,,1026.2,,No Rain,2001,2001-4-22, Talladega
16.1,11.7,75.0,0.0,,280.0,11.2,,1013.5,,No Rain,2001,2001-4-29, California (Auto Club)
24.4,13.9,52.0,0.0,,230.0,11.2,,1018.1,,No Rain,2001,2001-4-8, Martinsville
21.1,10.0,49.0,0.0,,190.0,7.6,,1012.4,,No Rain,2001,2001-5-27, Charlotte
26.0,17.1,58.0,0.0,,200.0,7.6,,1017.2,,No Rain,2001,2001-5-5, Richmond
23.9,9.8,41.0,0.0,,250.0,11.2,,1012.8,,No Rain,2001,2001-6-10, Michigan
23.3,22.8,97.0,0.8,,90.0,9.4,,1013.9,,Light Rain,2001,2001-6-17, Pocono
16.1,10.0,67.0,0.0,,240.0,27.7,,1015.6,,No Rain,2001,2001-6-24, Sonoma
20.6,16.0,75.0,0.0,,150.0,5.4,,1004.4,,No Rain,2001,2001-6-3, Dover
28.0,7.3,27.0,0.0,,100.0,14.8,,1015.1,,No Rain,2001,2001-7-15, Chicagoland
25.6,15.0,52.0,0.0,,200.0,9.4,,1014.1,,No Rain,2001,2001-7-22, New Hampshire
22.8,12.7,53.0,0.0,,170.0,11.2,,1022.4,,No Rain,2001,2001-7-29, Pocono
27.8,22.3,72.0,0.0,,120.0,11.2,,1017.9,,No Rain,2001,2001-7-7, Daytona
17.8,17.2,96.0,2.8,,30.0,5.4,,1010.4,,Moderate Rain,2001,2001-8-19, Michigan
25.6,19.5,69.0,0.0,,,0.0,,1017.1,,No Rain,2001,2001-8-25, Bristol
29.4,19.4,55.0,0.0,,20.0,14.8,,1015.3,,No Rain,2001,2001-8-5, Indianapolis
22.2,21.0,93.0,0.0,,150.0,13.0,,1016.1,,No Rain,2001,2001-9-23, Dover
18.3,12.3,68.0,0.0,,80.0,13.0,,1024.5,,No Rain,2001,2001-9-30, Kansas
23.9,19.0,74.0,0.0,,140.0,14.8,,1018.6,,No Rain,2001,2001-9-8, Richmond
22.2,19.0,82.0,0.0,,200.0,5.4,,1018.7,,No Rain,2002,2002-10-13, Charlotte
15.0,10.6,75.0,0.0,,190.0,7.6,,1017.6,,No Rain,2002,2002-10-20, Martinsville
18.9,16.1,84.0,0.0,,,0.0,,1017.4,,No Rain,2002,2002-10-27, Atlanta
25.0,24.3,96.0,0.0,,,0.0,,1017.4,,No Rain,2002,2002-10-6, Talladega
27.2,9.5,33.0,0.0,,230.0,22.3,,,,No Rain,2002,2002-11-10, Phoenix
21.7,17.9,79.0,18.5,,230.0,16.6,,1009.5,,Heavy Rain,2002,2002-11-17, Homestead
16.1,10.6,70.0,0.0,,240.0,5.4,,1016.8,,No Rain,2002,2002-2-17, Daytona
17.2,15.0,87.0,0.0,,260.0,14.8,,1024.0,,No Rain,2002,2002-3-10, Atlanta
6.7,-10.6,28.0,0.0,,240.0,13.0,,1020.5,,No Rain,2002,2002-3-24, Bristol
10.6,-15.8,14.0,0.0,,10.0,14.8,,1024.9,,No Rain,2002,2002-3-3, Las Vegas
20.6,10.7,53.0,0.0,,220.0,9.4,,1021.1,,No Rain,2002,2002-4-14, Martinsville
27.2,18.2,58.0,0.0,,240.0,7.6,,1013.5,,No Rain,2002,2002-4-21, Talladega
15.6,8.8,64.0,0.0,,240.0,14.8,,1017.7,,No Rain,2002,2002-4-28, California (Auto Club)
19.4,18.9,97.0,9.9,,210.0,29.5,,1003.8,,Heavy Rain,2002,2002-4-8, Texas
26.1,14.6,49.0,0.0,,200.0,5.4,,1016.5,,No Rain,2002,2002-5-26, Charlotte
11.1,9.4,89.0,0.5,,350.0,5.4,,1025.7,,Light Rain,2002,2002-5-5, Richmond
22.2,9.0,43.0,0.0,,270.0,18.7,,1004.4,,No Rain,2002,2002-6-16, Michigan
26.7,16.0,52.0,0.0,,240.0,9.4,,1003.2,,No Rain,2002,2002-6-2, Dover
14.4,10.6,78.0,0.0,,250.0,35.3,,1020.4,,No Rain,2002,2002-6-23, Sonoma
20.0,12.3,61.0,0.0,,190.0,11.2,,1022.0,,No Rain,2002,2002-6-9, Pocono
26.0,8.0,32.0,0.0,,40.0,14.8,,1014.0,,No Rain,2002,2002-7-14, Chicagoland
21.7,17.3,76.0,0.0,,150.0,14.8,,1016.7,,No Rain,2002,2002-7-21, New Hampshire
25.0,20.7,77.0,0.0,,150.0,9.4,,1013.9,,No Rain,2002,2002-7-28, Pocono
23.9,22.9,94.0,0.0,,180.0,7.6,,1016.2,,No Rain,2002,2002-7-6, Daytona
28.9,21.2,63.0,0.0,,220.0,14.8,,1010.9,,No Rain,2002,2002-8-18, Michigan
29.4,21.6,63.0,0.0,,210.0,5.4,,1013.9,,No Rain,2002,2002-8-24, Bristol
32.2,22.9,58.0,0.0,,330.0,9.4,,1019.2,,No Rain,2002,2002-8-4, Indianapolis
21.7,21.0,96.0,0.5,,20.0,14.8,,1022.8,,Light Rain,2002,2002-9-1, Darlington
18.9,15.6,81.0,0.0,,,0.0,,1020.2,,No Rain,2002,2002-9-15, New Hampshire
23.9,20.6,82.0,0.0,,140.0,14.8,,1015.7,,No Rain,2002,2002-9-22, Dover
27.8,15.5,47.0,0.0,,170.0,16.6,,1012.2,,No Rain,2002,2002-9-29, Kansas
23.3,12.9,52.0,0.0,,120.0,5.4,,1021.5,,No Rain,2002,2002-9-7, Richmond
16.7,16.1,96.0,0.0,,350.0,11.2,,1016.3,,No Rain,2003,2003-10-11, Charlotte
11.7,7.2,74.0,0.0,,,0.0,,1017.7,,No Rain,2003,2003-10-19, Martinsville
18.3,18.3,100.0,0.0,,50.0,13.0,,1015.7,,No Rain,2003,2003-10-27, Atlanta
17.8,11.6,67.0,0.0,,200.0,13.0,,1015.6,,No Rain,2003,2003-10-5, Kansas
23.9,15.7,60.0,0.0,,80.0,16.6,,1020.5,,No Rain,2003,2003-11-16, Homestead
22.8,14.9,61.0,0.0,,140.0,7.6,,1015.2,,No Rain,2003,2003-2-16, Daytona
11.1,11.1,100.0,4.1,,50.0,18.7,,1015.0,,Moderate Rain,2003,2003-3-16, Darlington
12.8,2.9,51.0,0.0,,220.0,14.8,,1014.3,,No Rain,2003,2003-3-23, Bristol
11.7,-8.8,23.0,0.0,,330.0,29.5,,1027.8,,No Rain,2003,2003-3-30, Texas
13.3,9.4,77.0,0.0,,90.0,16.6,,1017.9,,No Rain,2003,2003-3-9, Atlanta
19.4,4.3,37.0,0.0,,270.0,9.4,,1010.7,,No Rain,2003,2003-4-13, Martinsville
20.0,8.3,47.0,0.0,,300.0,20.5,,1012.8,,No Rain,2003,2003-4-27, California (Auto Club)
23.3,11.0,46.0,0.0,,,0.0,,1015.6,,No Rain,2003,2003-4-6, Talladega
20.0,16.0,78.0,0.0,,180.0,11.2,,1013.1,,No Rain,2003,2003-5-25, Charlotte
24.4,15.1,56.0,0.0,,280.0,7.6,,1006.0,,No Rain,2003,2003-5-3, Richmond
18.3,16.6,90.0,0.3,,110.0,13.0,,994.2,,Light Rain,2003,2003-6-1, Dover
23.3,16.6,66.0,0.0,,110.0,11.2,,1014.3,,No Rain,2003,2003-6-15, Michigan
16.7,8.9,60.0,0.0,,260.0,44.6,,1012.2,,No Rain,2003,2003-6-22, Sonoma
15.6,14.5,93.0,0.0,,60.0,16.6,,1009.9,,No Rain,2003,2003-6-8, Pocono
24.0,9.9,41.0,0.0,,130.0,13.0,,1015.5,,No Rain,2003,2003-7-13, Chicagoland
22.8,13.8,57.0,0.0,,,0.0,,1013.8,,No Rain,2003,2003-7-20, New Hampshire
27.2,19.3,62.0,0.0,,250.0,9.4,,1019.8,,No Rain,2003,2003-7-27, Pocono
26.1,22.2,79.0,0.0,,,0.0,,1018.8,,No Rain,2003,2003-7-5, Daytona
23.3,20.6,85.0,0.0,,300.0,13.0,,1012.0,,No Rain,2003,2003-8-17, Michigan
23.3,18.8,76.0,0.0,,220.0,5.4,,1015.1,,No Rain,2003,2003-8-23, Bristol
23.9,19.0,74.0,0.0,,280.0,11.2,,1013.7,,No Rain,2003,2003-8-3, Indianapolis
18.9,16.7,87.0,0.0,,170.0,5.4,,1028.2,,No Rain,2003,2003-9-14, New Hampshire
20.6,19.9,96.0,0.0,,,0.0,,,,No Rain,2003,2003-9-21, Dover
21.7,20.0,90.0,0.0,,60.0,5.4,,1009.9,,No Rain,2003,2003-9-28, Talladega
19.0,14.1,73.0,0.0,,320.0,13.0,,1017.8,,No Rain,2003,2003-9-6, Richmond
18.0,10.1,60.0,0.0,,60.0,11.2,,1019.0,,No Rain,2004,2004-10-10, Kansas
13.3,5.7,60.0,0.0,,,5.4,,1004.8,,No Rain,2004,2004-10-16, Charlotte
12.8,8.9,77.0,0.0,,,0.0,,1018.3,,No Rain,2004,2004-10-24, Martinsville
22.2,19.4,84.0,0.0,,,0.0,,1021.0,,No Rain,2004,2004-10-3, Talladega
21.7,17.3,76.0,0.0,,210.0,9.4,,1016.3,,No Rain,2004,2004-10-31, Atlanta
23.3,17.3,69.0,0.0,,90.0,13.0,,1020.8,,No Rain,2004,2004-11-21, Homestead
29.4,4.8,21.0,0.0,,120.0,20.5,,1011.1,,No Rain,2004,2004-11-7, Phoenix
20.0,19.0,94.0,1.0,,50.0,9.4,,1012.9,,Light Rain,2004,2004-2-15, Daytona
16.7,-6.4,20.0,0.0,,120.0,9.4,,1025.5,,No Rain,2004,2004-3-14, Atlanta
21.7,2.4,28.0,0.0,,80.0,20.5,,1022.6,,No Rain,2004,2004-3-7, Las Vegas
21.7,7.1,39.0,0.0,,200.0,13.0,,1024.8,,No Rain,2004,2004-4-18, Martinsville
26.7,12.7,42.0,0.0,,210.0,7.6,,1017.0,,No Rain,2004,2004-4-25, Talladega
22.2,3.8,30.0,0.0,,20.0,20.5,,1016.8,,No Rain,2004,2004-4-4, Texas
26.0,21.0,74.0,0.0,,200.0,14.8,,1020.1,,No Rain,2004,2004-5-15, Richmond
28.0,9.8,32.0,0.0,,210.0,13.0,,1014.8,,No Rain,2004,2004-5-2, California (Auto Club)
26.7,16.0,52.0,0.0,,190.0,7.6,,1013.5,,No Rain,2004,2004-5-30, Charlotte
21.7,6.8,38.0,0.0,,180.0,9.4,,1019.8,,No Rain,2004,2004-6-13, Pocono
18.9,6.7,45.0,0.0,,10.0,13.0,,1021.3,,No Rain,2004,2004-6-20, Michigan
22.0,13.1,57.0,0.0,,280.0,35.3,,1015.1,,No Rain,2004,2004-6-27, Sonoma
15.0,14.4,96.0,6.4,,20.0,18.7,,1017.1,,Moderate Rain,2004,2004-6-6, Dover
24.0,17.0,65.0,0.0,,100.0,14.8,,1018.5,,No Rain,2004,2004-7-11, Chicagoland
20.0,16.0,78.0,0.0,,,0.0,,1025.1,,No Rain,2004,2004-7-25, New Hampshire
24.0,22.1,89.0,1.8,,180.0,7.6,,1017.0,,Light Rain,2004,2004-7-3, Daytona
27.2,20.5,67.0,0.0,,200.0,11.2,,1016.3,,No Rain,2004,2004-8-1, Pocono
21.1,6.6,39.0,0.0,,,0.0,,1016.7,,No Rain,2004,2004-8-22, Michigan
26.1,21.1,74.0,0.0,,,0.0,,1018.5,,No Rain,2004,2004-8-28, Bristol
21.1,13.3,61.0,0.0,,240.0,7.6,,1018.1,,No Rain,2004,2004-8-8, Indianapolis
22.0,21.0,94.0,0.0,,300.0,9.4,,1021.3,,No Rain,2004,2004-9-11, Richmond
11.7,9.4,86.0,0.0,,330.0,9.4,,1017.2,,No Rain,2004,2004-9-19, New Hampshire
15.6,15.0,96.0,0.0,,,0.0,,1018.6,,No Rain,2004,2004-9-26, Dover
31.0,14.2,36.0,0.0,,320.0,11.2,,1007.3,,No Rain,2004,2004-9-5, California (Auto Club)
19.4,10.7,57.0,0.0,,320.0,11.2,,1014.3,,No Rain,2005,2005-10-15, Charlotte
25.6,20.6,74.0,0.0,,,0.0,,1021.0,,No Rain,2005,2005-10-2, Talladega
15.0,8.9,67.0,0.0,,310.0,14.8,,1007.8,,No Rain,2005,2005-10-23, Martinsville
13.9,4.5,53.0,0.0,,240.0,5.4,,1027.6,,No Rain,2005,2005-10-30, Atlanta
13.3,4.4,55.0,0.0,,80.0,13.0,,1015.8,,No Rain,2005,2005-10-9, Kansas
23.9,3.2,26.0,0.0,,280.0,9.4,,1015.2,,No Rain,2005,2005-11-13, Phoenix
24.0,23.0,94.0,0.0,,80.0,3.6,,1016.3,,No Rain,2005,2005-11-20, Homestead
27.0,8.0,30.0,0.0,,200.0,5.4,,1007.0,,No Rain,2005,2005-11-6, Texas
16.1,7.8,58.0,0.0,,90.0,16.6,,1026.9,,No Rain,2005,2005-2-20, Daytona
16.1,10.0,67.0,0.0,,250.0,13.0,,1016.6,,No Rain,2005,2005-2-27, California (Auto Club)
27.0,2.8,21.0,0.0,,130.0,11.2,,1008.0,,No Rain,2005,2005-3-13, Las Vegas
12.8,3.2,52.0,0.0,,270.0,5.4,,1017.8,,No Rain,2005,2005-3-20, Atlanta
16.7,2.3,38.0,0.0,,40.0,14.8,,1016.4,,No Rain,2005,2005-4-10, Martinsville
24.0,8.0,36.0,0.0,,150.0,14.8,,1022.3,,No Rain,2005,2005-4-17, Texas
29.0,-8.6,8.0,0.0,,240.0,5.4,,1012.2,,No Rain,2005,2005-4-23, Phoenix
4.4,1.8,83.0,0.5,,280.0,25.9,,1005.5,,Light Rain,2005,2005-4-3, Bristol
16.1,12.3,78.0,0.0,,,7.6,,1012.8,,No Rain,2005,2005-5-1, Talladega
15.6,9.5,67.0,0.0,,140.0,16.6,,1023.0,,No Rain,2005,2005-5-14, Richmond
21.7,13.9,61.0,0.0,,,0.0,,1012.7,,No Rain,2005,2005-5-29, Charlotte
13.3,7.3,67.0,0.0,,50.0,11.2,,1018.7,,No Rain,2005,2005-5-7, Darlington
26.1,23.4,85.0,0.0,,,0.0,,1016.3,,No Rain,2005,2005-6-12, Pocono
18.3,13.4,73.0,0.0,,20.0,9.4,,1018.5,,No Rain,2005,2005-6-19, Michigan
18.3,12.7,70.0,0.0,,190.0,29.5,,1010.0,,No Rain,2005,2005-6-26, Sonoma
21.1,18.9,87.0,0.0,,260.0,5.4,,1013.4,,No Rain,2005,2005-6-5, Dover
28.3,10.0,32.0,0.0,,100.0,16.6,,1017.5,,No Rain,2005,2005-7-10, Chicagoland
26.1,21.8,77.0,0.0,,180.0,9.4,,1019.0,,No Rain,2005,2005-7-17, New Hampshire
29.4,22.9,68.0,0.0,,240.0,14.8,,1011.4,,No Rain,2005,2005-7-2, Daytona
25.0,11.6,43.0,0.0,,10.0,9.4,,1017.5,,No Rain,2005,2005-7-24, Pocono
26.1,21.1,74.0,0.0,,,0.0,,1013.5,,No Rain,2005,2005-8-14, Watkins Glen
25.0,20.0,74.0,0.0,,280.0,11.2,,1012.6,,No Rain,2005,2005-8-21, Michigan
24.4,20.5,79.0,0.0,,,0.0,,1014.0,,No Rain,2005,2005-8-27, Bristol
26.7,20.1,67.0,0.0,,150.0,14.8,,1017.7,,No Rain,2005,2005-8-7, Indianapolis
23.3,19.5,79.0,0.0,,290.0,11.2,,1018.3,,No Rain,2005,2005-9-10, Richmond
18.9,16.7,87.0,0.0,,150.0,5.4,,1012.7,,No Rain,2005,2005-9-18, New Hampshire
16.7,11.6,72.0,0.0,,90.0,14.8,,1026.0,,No Rain,2005,2005-9-25, Dover
23.9,14.9,57.0,0.0,,220.0,14.8,,1012.9,,No Rain,2005,2005-9-4, California (Auto Club)
23.3,10.0,43.0,0.0,,230.0,9.4,,1012.7,,No Rain,2006,2006-10-1, Kansas
11.1,3.9,61.0,0.0,,170.0,7.6,,1012.5,,No Rain,2006,2006-10-14, Charlotte
8.0,6.0,87.0,0.0,,60.0,0.0,,1018.5,,No Rain,2006,2006-10-22, Martinsville
10.6,4.9,68.0,0.0,,280.0,5.4,,1015.4,,No Rain,2006,2006-10-29, Atlanta
19.4,10.7,57.0,0.0,,,0.0,,1019.4,,No Rain,2006,2006-10-8, Talladega
25.0,-2.6,16.0,0.0,,310.0,13.0,,1008.8,,No Rain,2006,2006-11-12, Phoenix
19.0,12.0,64.0,0.0,,330.0,0.0,,1014.3,,No Rain,2006,2006-11-19, Homestead
16.7,7.9,56.0,0.0,,150.0,16.6,,1019.7,,No Rain,2006,2006-11-5, Texas
23.9,12.2,48.0,0.0,,290.0,27.7,,1020.3,,No Rain,2006,2006-2-19, Daytona
22.8,2.8,27.0,0.0,,290.0,9.4,,1016.6,,No Rain,2006,2006-2-26, California (Auto Club)
8.0,0.0,57.0,0.0,,140.0,18.4,,1000.3,,No Rain,2006,2006-3-12, Las Vegas
7.2,6.8,97.0,1.0,,,0.0,,1021.2,,Light Rain,2006,2006-3-20, Atlanta
2.2,-2.7,70.0,0.0,,290.0,13.0,,1019.9,,No Rain,2006,2006-3-26, Bristol
22.8,8.1,39.0,0.0,,280.0,14.8,,1013.3,,No Rain,2006,2006-4-2, Martinsville
34.0,-6.7,7.0,0.0,,110.0,9.4,,1005.2,,No Rain,2006,2006-4-22, Phoenix
21.1,5.0,35.0,0.0,,10.0,20.5,,1018.6,,No Rain,2006,2006-4-9, Texas
15.0,14.0,94.0,0.5,,340.0,7.2,,,,Light Rain,2006,2006-5-1, Talladega
19.0,6.1,43.0,0.0,,270.0,13.0,,1007.6,,No Rain,2006,2006-5-13, Darlington
28.0,15.0,45.0,0.0,,,0.0,,1012.5,,No Rain,2006,2006-5-28, Charlotte
18.3,16.1,87.0,0.0,,250.0,5.4,,1007.8,,No Rain,2006,2006-5-6, Richmond
12.8,0.5,43.0,0.0,,300.0,14.8,,1006.7,,No Rain,2006,2006-6-11, Pocono
29.4,12.8,36.0,0.0,,180.0,20.2,,1013.6,,No Rain,2006,2006-6-18, Michigan
23.9,14.0,54.0,0.0,,200.0,18.4,,1013.0,,No Rain,2006,2006-6-25, Sonoma
21.1,13.8,63.0,0.0,,320.0,7.6,,1006.4,,No Rain,2006,2006-6-4, Dover
28.3,21.6,67.0,0.0,,100.0,13.0,,1017.8,,No Rain,2006,2006-7-1, Daytona
25.6,21.7,79.0,0.0,,150.0,5.4,,1011.6,,No Rain,2006,2006-7-16, New Hampshire
20.0,18.8,93.0,1.0,,,5.4,,1006.7,,Light Rain,2006,2006-7-23, Pocono
27.8,13.3,41.0,0.0,,230.0,14.8,,1016.5,,No Rain,2006,2006-7-9, Chicagoland
15.6,8.8,64.0,0.0,,,0.0,,1018.8,,No Rain,2006,2006-8-13, Watkins Glen
23.9,19.4,76.0,0.0,,270.0,14.8,,1012.1,,No Rain,2006,2006-8-20, Michigan
28.3,17.8,53.0,0.0,,160.0,9.4,,1014.5,,No Rain,2006,2006-8-26, Bristol
27.2,15.6,49.0,0.0,,90.0,7.6,,1016.8,,No Rain,2006,2006-8-6, Indianapolis
17.2,15.5,90.0,0.0,,,0.0,,1016.8,,No Rain,2006,2006-9-17, New Hampshire
24.4,20.5,79.0,0.0,,230.0,9.4,,1011.9,,No Rain,2006,2006-9-24, Dover
36.1,14.2,27.0,0.0,,260.0,20.5,,1004.8,,No Rain,2006,2006-9-3, California (Auto Club)
23.3,18.8,76.0,0.0,,130.0,5.4,,1017.3,,No Rain,2006,2006-9-9, Richmond
14.0,6.1,59.0,0.0,,350.0,0.0,,1012.9,,No Rain,2007,2007-10-13, Charlotte
12.0,6.9,71.0,0.0,,,0.0,,1016.8,,No Rain,2007,2007-10-21, Martinsville
15.0,6.0,55.0,0.0,,,5.4,,1025.0,,No Rain,2007,2007-10-28, Atlanta
26.1,19.0,65.0,0.0,,80.0,7.6,,1017.0,,No Rain,2007,2007-10-7, Talladega
26.1,5.6,27.0,0.0,,230.0,7.6,,1008.5,,No Rain,2007,2007-11-11, Phoenix
20.4,16.4,78.0,0.0,,60.0,7.6,,1019.3,,No Rain,2007,2007-11-18, Homestead
18.3,8.8,54.0,0.0,,120.0,5.4,,1023.0,,No Rain,2007,2007-11-4, Texas
11.7,-1.8,39.0,0.0,,260.0,11.2,,1016.9,,No Rain,2007,2007-2-18, Daytona
18.3,-6.5,18.0,0.0,,280.0,14.8,,1017.8,,No Rain,2007,2007-2-25, California (Auto Club)
26.0,-12.5,7.0,0.0,,30.0,22.3,,1016.2,,No Rain,2007,2007-3-11, Las Vegas
8.9,-8.2,29.0,0.0,,310.0,13.0,,1020.6,,No Rain,2007,2007-3-18, Atlanta
20.0,10.1,53.0,0.0,,210.0,11.2,,1024.8,,No Rain,2007,2007-3-25, Bristol
17.0,12.9,77.0,0.0,,180.0,0.0,,1018.5,,No Rain,2007,2007-4-1, Martinsville
11.7,1.6,50.0,0.0,,340.0,22.3,,1018.6,,No Rain,2007,2007-4-15, Texas
23.0,-5.0,15.0,0.0,,220.0,16.6,,1005.3,,No Rain,2007,2007-4-21, Phoenix
23.9,9.8,41.0,0.0,,320.0,16.6,,1017.8,,No Rain,2007,2007-4-29, Talladega
19.0,18.0,94.0,2.3,,150.0,13.0,,1014.1,,Light Rain,2007,2007-5-13, Darlington
28.0,12.0,37.0,0.0,,170.0,7.6,,1020.2,,No Rain,2007,2007-5-27, Charlotte
12.2,10.6,90.0,0.0,,190.0,0.0,,1019.6,,No Rain,2007,2007-5-6, Richmond
20.0,10.7,55.0,0.0,,320.0,14.8,,1014.8,,No Rain,2007,2007-6-10, Pocono
27.2,19.0,61.0,0.0,,,0.0,,1014.8,,No Rain,2007,2007-6-17, Michigan
28.9,6.3,24.0,0.0,,220.0,25.9,,1010.6,,No Rain,2007,2007-6-24, Sonoma
18.3,17.1,93.0,1.5,,90.0,16.6,,1000.8,,Light Rain,2007,2007-6-4, Dover
20.0,5.6,39.0,0.0,,340.0,9.4,,1013.6,,No Rain,2007,2007-7-1, New Hampshire
27.8,11.8,37.0,0.0,,300.0,31.7,,1006.6,,No Rain,2007,2007-7-15, Chicagoland
27.8,18.8,58.0,0.0,,40.0,11.2,,1011.1,,No Rain,2007,2007-7-29, Indianapolis
24.0,22.1,89.0,5.8,,290.0,14.8,,1017.6,,Moderate Rain,2007,2007-7-7, Daytona
21.7,15.1,66.0,0.0,,290.0,5.4,,1017.4,,No Rain,2007,2007-8-12, Watkins Glen
16.7,15.6,93.0,0.3,,90.0,16.6,,1014.4,,Light Rain,2007,2007-8-21, Michigan
28.9,19.5,57.0,0.0,,200.0,5.4,,1014.1,,No Rain,2007,2007-8-25, Bristol
23.9,13.4,52.0,0.0,,,5.4,,,,No Rain,2007,2007-8-5, Pocono
12.8,6.2,64.0,0.0,,360.0,9.4,,1015.8,,No Rain,2007,2007-9-16, New Hampshire
40.0,16.2,25.0,0.0,,280.0,22.3,,1006.1,,No Rain,2007,2007-9-2, California (Auto Club)
23.0,21.1,89.0,0.0,,260.0,0.0,,1017.5,,No Rain,2007,2007-9-23, Dover
26.1,10.7,38.0,0.0,,170.0,16.6,,1016.5,,No Rain,2007,2007-9-30, Kansas
27.8,23.8,79.0,0.0,,170.0,18.4,,1019.2,,No Rain,2007,2007-9-8, Richmond
22.0,18.0,78.0,0.0,,50.0,0.0,,1021.3,,No Rain,2008,2008-10-11, Charlotte
10.0,6.0,76.0,0.0,,10.0,0.0,,1021.9,,No Rain,2008,2008-10-19, Martinsville
11.7,9.4,86.0,0.0,,,0.0,,1016.6,,No Rain,2008,2008-10-26, Atlanta
19.4,14.4,73.0,0.0,,,0.0,,1020.6,,No Rain,2008,2008-10-5, Talladega
25.7,21.8,79.0,0.0,,260.0,13.0,,1012.4,,No Rain,2008,2008-11-16, Homestead
22.8,7.7,38.0,0.0,,130.0,0.0,,1021.2,,No Rain,2008,2008-11-2, Texas
25.3,-11.4,8.0,0.0,,210.0,0.0,,1009.5,,No Rain,2008,2008-11-9, Phoenix
18.9,12.2,65.0,0.0,,70.0,11.2,,1019.5,,No Rain,2008,2008-2-17, Daytona
13.9,8.3,69.0,0.0,,290.0,11.2,,1021.4,,No Rain,2008,2008-2-25, California (Auto Club)
12.2,11.1,93.0,2.5,,250.0,9.4,,1001.4,,Moderate Rain,2008,2008-3-16, Bristol
23.5,1.2,23.0,0.0,,230.0,31.7,,1007.3,,No Rain,2008,2008-3-2, Las Vegas
6.0,-3.9,49.0,0.0,,60.0,0.0,,1028.7,,No Rain,2008,2008-3-30, Martinsville
4.4,-7.1,43.0,0.0,,300.0,16.6,,1022.4,,No Rain,2008,2008-3-9, Atlanta
27.0,-8.6,9.0,0.0,,230.0,22.3,,1014.1,,No Rain,2008,2008-4-12, Phoenix
22.8,17.3,71.0,0.0,,,5.4,,1016.0,,No Rain,2008,2008-4-27, Talladega
20.0,2.4,31.0,0.0,,140.0,13.0,,1009.2,,No Rain,2008,2008-4-6, Texas
27.0,14.1,45.0,0.0,,260.0,16.6,,1004.9,,No Rain,2008,2008-5-10, Darlington
23.0,12.0,50.0,0.0,,80.0,0.0,,1015.6,,No Rain,2008,2008-5-25, Charlotte
20.0,16.0,78.0,0.0,,190.0,9.4,,1012.7,,No Rain,2008,2008-5-3, Richmond
20.0,18.8,93.0,0.0,,190.0,13.0,,1008.9,,No Rain,2008,2008-6-1, Dover
24.4,10.7,42.0,0.0,,220.0,9.4,,1013.4,,No Rain,2008,2008-6-15, Michigan
32.8,1.8,14.0,0.0,,260.0,24.1,,1012.6,,No Rain,2008,2008-6-22, Sonoma
15.6,14.5,93.0,1.3,,90.0,11.2,,1012.5,,Light Rain,2008,2008-6-29, New Hampshire
21.1,18.9,87.0,1.8,,280.0,18.4,,1016.4,,Light Rain,2008,2008-6-8, Pocono
30.0,18.8,51.0,0.0,,170.0,22.3,,1011.8,,No Rain,2008,2008-7-12, Chicagoland
28.3,17.2,51.0,0.0,,320.0,18.4,,1012.2,,No Rain,2008,2008-7-27, Indianapolis
27.8,20.6,65.0,0.0,,130.0,11.2,,1017.5,,No Rain,2008,2008-7-5, Daytona
17.8,12.9,73.0,0.0,,180.0,0.0,,1009.9,,No Rain,2008,2008-8-10, Watkins Glen
22.2,11.0,49.0,0.0,,290.0,11.2,,1017.6,,No Rain,2008,2008-8-17, Michigan
26.1,13.2,45.0,0.0,,110.0,14.8,,1020.9,,No Rain,2008,2008-8-23, Bristol
18.9,15.0,78.0,0.0,,320.0,9.4,,1008.6,,No Rain,2008,2008-8-3, Pocono
32.2,16.9,40.0,0.0,,280.0,20.5,,1002.7,,No Rain,2008,2008-8-31, California (Auto Club)
19.4,16.6,84.0,0.0,,170.0,0.0,,1013.3,,No Rain,2008,2008-9-14, New Hampshire
16.7,13.2,80.0,0.0,,60.0,5.4,,1023.3,,No Rain,2008,2008-9-21, Dover
26.7,16.0,52.0,0.0,,190.0,5.4,,1016.9,,No Rain,2008,2008-9-28, Kansas
22.8,20.0,84.0,0.0,,300.0,7.6,,1008.4,,No Rain,2008,2008-9-7, Richmond
23.3,10.7,45.0,0.0,,270.0,18.4,,1006.5,,No Rain,2009,2009-10-11, California (Auto Club)
14.0,9.0,72.0,0.0,,70.0,0.0,,1010.6,,No Rain,2009,2009-10-17, Charlotte
18.5,8.2,51.0,0.0,,310.0,14.8,,1008.3,,No Rain,2009,2009-10-25, Martinsville
13.9,4.5,53.0,0.0,,40.0,0.0,,1014.1,,No Rain,2009,2009-10-4, Kansas
10.6,9.4,92.0,0.0,,,0.0,,1017.9,,No Rain,2009,2009-11-1, Talladega
19.7,6.4,42.0,0.0,,190.0,16.6,,1011.0,,No Rain,2009,2009-11-15, Phoenix
22.9,20.2,85.0,0.0,,100.0,0.0,,1015.5,,No Rain,2009,2009-11-22, Homestead
18.9,13.3,70.0,0.0,,190.0,7.6,,1016.3,,No Rain,2009,2009-11-8, Texas
24.4,15.1,56.0,0.0,,270.0,13.0,,1014.2,,No Rain,2009,2009-2-15, Daytona
20.6,3.3,32.0,0.0,,290.0,7.6,,1016.7,,No Rain,2009,2009-2-22, California (Auto Club)
19.0,-9.1,14.0,0.0,,50.0,18.4,,1023.9,,No Rain,2009,2009-3-1, Las Vegas
12.8,-3.9,31.0,0.0,,,0.0,,1028.0,,No Rain,2009,2009-3-22, Bristol
13.9,13.1,95.0,3.0,,70.0,7.6,,1007.0,,Moderate Rain,2009,2009-3-29, Martinsville
19.4,7.2,45.0,0.0,,160.0,7.6,,1022.8,,No Rain,2009,2009-3-8, Atlanta
25.0,-6.4,12.0,0.0,,270.0,9.4,,1013.3,,No Rain,2009,2009-4-18, Phoenix
26.1,13.9,47.0,0.0,,220.0,5.4,,1023.6,,No Rain,2009,2009-4-26, Talladega
26.7,13.8,45.0,0.0,,160.0,35.3,,1001.2,,No Rain,2009,2009-4-5, Texas
23.9,14.9,57.0,0.0,,220.0,9.4,,1011.3,,No Rain,2009,2009-5-2, Richmond
22.0,19.9,88.0,0.0,,,0.0,,1015.7,,No Rain,2009,2009-5-25, Charlotte
22.0,13.1,57.0,0.0,,230.0,0.0,,1008.8,,No Rain,2009,2009-5-31, Dover
25.0,20.9,78.0,0.0,,240.0,11.2,,1012.4,,No Rain,2009,2009-5-9, Darlington
18.3,12.7,70.0,0.0,,150.0,5.4,,1016.6,,No Rain,2009,2009-6-14, Michigan
22.8,10.6,46.0,0.0,,210.0,29.5,,1005.1,,No Rain,2009,2009-6-21, Sonoma
20.0,17.2,84.0,0.0,,340.0,9.4,,1006.8,,No Rain,2009,2009-6-28, New Hampshire
20.0,11.7,59.0,0.0,,270.0,5.4,,1015.3,,No Rain,2009,2009-6-7, Pocono
26.7,20.1,67.0,0.0,,220.0,14.8,,1016.1,,No Rain,2009,2009-7-11, Chicagoland
25.0,15.0,54.0,0.0,,260.0,9.4,,1009.1,,No Rain,2009,2009-7-26, Indianapolis
30.0,22.2,63.0,0.0,,,0.0,,1016.2,,No Rain,2009,2009-7-4, Daytona
22.2,19.0,82.0,0.0,,250.0,11.2,,1013.3,,No Rain,2009,2009-8-10, Watkins Glen
26.7,16.6,54.0,0.0,,140.0,9.4,,1018.4,,No Rain,2009,2009-8-16, Michigan
25.0,18.9,69.0,0.0,,230.0,7.6,,1011.8,,No Rain,2009,2009-8-22, Bristol
20.0,18.8,93.0,0.0,,,0.0,,1011.9,,No Rain,2009,2009-8-3, Pocono
18.0,17.0,94.0,0.0,,320.0,11.2,,1016.6,,No Rain,2009,2009-9-12, Richmond
8.3,5.1,80.0,0.0,,290.0,0.0,,1024.2,,No Rain,2009,2009-9-20, New Hampshire
15.6,12.7,83.0,0.3,,80.0,7.6,,1018.3,,Light Rain,2009,2009-9-27, Dover
23.9,20.0,79.0,0.0,,,0.0,,1019.6,,No Rain,2009,2009-9-6, Atlanta
31.7,9.3,25.0,0.0,,250.0,22.3,,1013.8,,No Rain,2010,2010-10-10, California (Auto Club)
16.0,2.0,39.0,0.0,,360.0,7.6,,1013.8,,No Rain,2010,2010-10-16, Charlotte
11.4,9.0,85.0,0.0,,200.0,0.0,,1025.0,,No Rain,2010,2010-10-24, Martinsville
13.9,2.2,45.0,0.0,,30.0,14.8,,1026.0,,No Rain,2010,2010-10-3, Kansas
14.4,9.0,70.0,0.0,,,0.0,,1018.9,,No Rain,2010,2010-10-31, Talladega
22.7,-8.2,12.0,0.0,,200.0,14.8,,1015.0,,No Rain,2010,2010-11-14, Phoenix
23.3,18.6,75.0,0.0,,70.0,16.6,,1022.3,,No Rain,2010,2010-11-21, Homestead
13.3,1.6,45.0,0.0,,130.0,9.4,,1026.8,,No Rain,2010,2010-11-7, Texas
8.3,-1.8,49.0,0.0,,320.0,11.2,,1015.4,,No Rain,2010,2010-2-14, Daytona
15.0,7.3,60.0,0.0,,210.0,9.4,,1010.1,,No Rain,2010,2010-2-21, California (Auto Club)
12.0,4.9,62.0,0.0,,70.0,18.4,,1005.5,,No Rain,2010,2010-2-28, Las Vegas
17.8,2.1,35.0,0.0,,310.0,7.6,,1016.0,,No Rain,2010,2010-3-21, Bristol
9.0,7.9,93.0,1.3,,,0.0,,,,Light Rain,2010,2010-3-29, Martinsville
11.1,-6.3,29.0,0.0,,,0.0,,1023.8,,No Rain,2010,2010-3-7, Atlanta
28.9,-8.7,8.0,0.0,,250.0,16.6,,1007.2,,No Rain,2010,2010-4-10, Phoenix
12.2,10.6,90.0,0.5,,20.0,16.6,,1016.5,,Light Rain,2010,2010-4-19, Texas
20.6,17.8,84.0,1.8,,210.0,16.6,,1004.6,,Light Rain,2010,2010-4-25, Talladega
19.0,16.0,83.0,0.0,,190.0,13.0,,1009.2,,No Rain,2010,2010-5-1, Richmond
22.2,6.8,37.0,0.0,,,0.0,,1019.8,,No Rain,2010,2010-5-16, Dover
26.0,17.1,58.0,0.3,,150.0,9.4,,1013.9,,Light Rain,2010,2010-5-30, Charlotte
29.0,15.9,45.0,0.0,,180.0,14.8,,1012.3,,No Rain,2010,2010-5-8, Darlington
25.6,21.1,76.0,0.0,,300.0,7.6,,1013.3,,No Rain,2010,2010-6-13, Michigan
20.0,9.0,49.0,0.0,,240.0,16.6,,1016.4,,No Rain,2010,2010-6-20, Sonoma
21.1,13.8,63.0,0.0,,260.0,7.6,,1009.9,,No Rain,2010,2010-6-27, New Hampshire
24.4,18.3,69.0,0.0,,270.0,18.4,,1006.6,,No Rain,2010,2010-6-6, Pocono
28.3,12.2,37.0,0.0,,10.0,14.8,,1013.4,,No Rain,2010,2010-7-10, Chicagoland
31.1,24.0,66.0,0.0,,220.0,14.8,,1011.8,,No Rain,2010,2010-7-25, Indianapolis
26.1,22.8,82.0,0.0,,90.0,5.4,,1017.2,,No Rain,2010,2010-7-3, Daytona
21.1,12.8,59.0,0.0,,,0.0,,1014.5,,No Rain,2010,2010-8-1, Pocono
24.4,22.3,88.0,0.0,,240.0,5.4,,1011.0,,No Rain,2010,2010-8-15, Michigan
19.4,12.2,63.0,0.0,,,0.0,,1014.2,,No Rain,2010,2010-8-8, Watkins Glen
20.6,7.9,44.0,0.0,,350.0,7.6,,1015.0,,No Rain,2010,2010-9-11, Richmond
14.4,10.6,78.0,0.0,,180.0,0.0,,1021.3,,No Rain,2010,2010-9-19, New Hampshire
24.4,17.9,67.0,0.0,,140.0,7.6,,1010.6,,No Rain,2010,2010-9-26, Dover
20.6,14.5,68.0,0.0,,,0.0,,1014.2,,No Rain,2010,2010-9-5, Atlanta
16.0,7.0,55.0,0.0,,240.0,0.0,,1008.2,,No Rain,2011,2011-10-15, Charlotte
2.0,-4.1,64.0,0.0,,280.0,0.0,,1009.8,,No Rain,2011,2011-10-2, Dover
11.1,6.0,71.0,0.0,,,0.0,,1020.4,,No Rain,2011,2011-10-23, Talladega
3.0,0.7,85.0,0.0,,310.0,0.0,,1018.3,,No Rain,2011,2011-10-30, Martinsville
26.7,11.2,38.0,0.0,,140.0,14.8,,1017.7,,No Rain,2011,2011-10-9, Kansas
23.5,1.2,23.0,0.0,,120.0,9.4,,1009.9,,No Rain,2011,2011-11-13, Phoenix
24.6,21.3,82.0,0.0,,70.0,18.4,,1021.4,,No Rain,2011,2011-11-20, Homestead
18.3,7.7,50.0,0.0,,140.0,16.6,,1010.3,,No Rain,2011,2011-11-6, Texas
16.7,12.8,78.0,0.0,,,0.0,,1020.9,,No Rain,2011,2011-2-20, Daytona
18.2,-1.1,27.0,0.0,,210.0,29.5,,1002.6,,No Rain,2011,2011-2-27, Phoenix
15.0,6.0,55.0,0.0,,260.0,22.3,,1013.8,,No Rain,2011,2011-3-27, California (Auto Club)
19.5,-5.5,18.0,0.0,,340.0,0.0,,1019.2,,No Rain,2011,2011-3-6, Las Vegas
15.0,4.9,51.0,0.0,,280.0,11.2,,1013.4,,No Rain,2011,2011-4-17, Talladega
11.5,-3.1,36.0,0.0,,290.0,7.6,,1012.5,,No Rain,2011,2011-4-3, Martinsville
17.0,5.0,45.0,0.0,,340.0,9.4,,1014.0,,No Rain,2011,2011-4-30, Richmond
31.1,15.9,40.0,0.0,,170.0,33.5,,1003.8,,No Rain,2011,2011-4-9, Texas
17.8,15.6,87.0,0.0,,140.0,16.6,,1006.1,,No Rain,2011,2011-5-15, Dover
25.6,19.0,67.0,0.0,,,0.0,,1014.8,,No Rain,2011,2011-5-29, Charlotte
17.0,16.0,94.0,0.0,,100.0,11.2,,1013.9,,No Rain,2011,2011-5-7, Darlington
16.1,15.0,93.0,0.0,,110.0,14.8,,1013.4,,No Rain,2011,2011-6-12, Pocono
25.6,15.0,52.0,0.0,,100.0,9.4,,1010.6,,No Rain,2011,2011-6-19, Michigan
19.4,12.2,63.0,0.0,,190.0,24.1,,1009.6,,No Rain,2011,2011-6-26, Sonoma
32.8,19.3,45.0,0.0,,250.0,9.4,,1016.7,,No Rain,2011,2011-6-5, Kansas
26.7,11.6,39.0,0.0,,220.0,5.4,,1018.2,,No Rain,2011,2011-7-17, New Hampshire
26.1,23.4,85.0,0.0,,,0.0,,1015.8,,No Rain,2011,2011-7-2, Daytona
30.6,19.9,53.0,0.0,,60.0,9.4,,1016.1,,No Rain,2011,2011-7-31, Indianapolis
26.1,20.7,72.0,0.0,,50.0,7.6,,1009.2,,No Rain,2011,2011-7-9, Kentucky
20.0,17.8,87.0,0.0,,100.0,5.4,,1008.3,,No Rain,2011,2011-8-15, Watkins Glen
21.1,18.3,84.0,0.0,,,0.0,,1013.3,,No Rain,2011,2011-8-21, Michigan
20.6,19.4,93.0,4.1,,210.0,13.0,,1012.4,,Moderate Rain,2011,2011-8-7, Pocono
23.3,20.6,85.0,0.0,,310.0,5.4,,1010.8,,No Rain,2011,2011-9-10, Richmond
16.0,15.0,94.0,0.8,,150.0,14.8,,,,Light Rain,2011,2011-9-19, Chicagoland
22.2,21.0,93.0,0.0,,250.0,0.0,,1017.2,,No Rain,2011,2011-9-25, New Hampshire
24.4,22.8,91.0,0.3,,130.0,16.6,,1000.3,,Light Rain,2011,2011-9-6, Atlanta
20.0,13.2,65.0,0.0,,,0.0,,1023.7,,No Rain,2012,2012-10-13, Charlotte
17.8,4.4,41.0,0.0,,90.0,7.6,,1006.8,,No Rain,2012,2012-10-21, Kansas
17.2,11.9,71.0,0.0,,30.0,5.4,,1007.2,,No Rain,2012,2012-10-28, Martinsville
16.7,13.2,80.0,0.0,,,7.6,,1017.1,,No Rain,2012,2012-10-7, Talladega
14.8,-3.1,29.0,0.0,,220.0,24.1,,1012.9,,No Rain,2012,2012-11-11, Phoenix
22.8,18.8,78.0,0.0,,30.0,11.2,,1017.6,,No Rain,2012,2012-11-18, Homestead
22.8,11.2,48.0,0.0,,10.0,11.2,,1016.0,,No Rain,2012,2012-11-4, Texas
17.2,16.1,93.0,5.3,,70.0,13.0,,1026.1,,Moderate Rain,2012,2012-2-27, Daytona
22.2,-8.6,12.0,0.0,,120.0,13.0,,1012.1,,No Rain,2012,2012-3-11, Las Vegas
20.6,8.3,45.0,0.0,,270.0,13.0,,1011.2,,No Rain,2012,2012-3-25, California (Auto Club)
22.0,-13.8,8.0,0.0,,220.0,11.2,,1022.3,,No Rain,2012,2012-3-4, Phoenix
19.0,11.1,60.0,0.0,,230.0,0.0,,1006.1,,No Rain,2012,2012-4-1, Martinsville
24.4,17.9,67.0,0.0,,170.0,20.5,,1008.9,,No Rain,2012,2012-4-14, Texas
20.0,4.5,36.0,0.0,,260.0,13.0,,1012.7,,No Rain,2012,2012-4-22, Kansas
17.2,-3.0,25.0,0.0,,10.0,13.0,,1019.1,,No Rain,2012,2012-4-28, Richmond
22.0,12.0,53.0,0.0,,50.0,5.4,,1020.8,,No Rain,2012,2012-5-12, Darlington
28.0,18.1,55.0,0.0,,60.0,0.0,,1017.9,,No Rain,2012,2012-5-27, Charlotte
28.9,20.1,59.0,0.0,,290.0,5.4,,1012.6,,No Rain,2012,2012-5-6, Talladega
19.4,13.3,68.0,0.0,,300.0,13.0,,1014.8,,No Rain,2012,2012-6-10, Pocono
28.3,16.2,48.0,0.0,,120.0,18.4,,1013.8,,No Rain,2012,2012-6-17, Michigan
20.0,7.0,43.0,0.0,,280.0,25.9,,1011.3,,No Rain,2012,2012-6-24, Sonoma
9.0,-0.9,50.0,0.0,,270.0,22.3,,1013.7,,No Rain,2012,2012-6-3, Dover
28.3,18.4,55.0,0.0,,40.0,9.4,,1011.0,,No Rain,2012,2012-6-30, Kentucky
27.2,18.2,58.0,0.0,,,0.0,,1018.0,,No Rain,2012,2012-7-15, New Hampshire
27.2,12.8,41.0,0.0,,360.0,11.2,,1018.1,,No Rain,2012,2012-7-29, Indianapolis
27.2,21.7,72.0,0.0,,220.0,13.0,,1016.6,,No Rain,2012,2012-7-7, Daytona
22.2,12.7,55.0,0.0,,240.0,18.4,,1011.6,,No Rain,2012,2012-8-12, Watkins Glen
21.1,7.7,42.0,0.0,,150.0,0.0,,1014.3,,No Rain,2012,2012-8-19, Michigan
21.0,17.0,78.0,1.5,,90.0,7.6,,,,Light Rain,2012,2012-8-25, Bristol
23.3,18.8,76.0,0.0,,140.0,9.4,,1022.0,,No Rain,2012,2012-8-5, Pocono
20.5,2.8,31.0,0.0,,80.0,9.4,,1020.6,,No Rain,2012,2012-9-16, Chicagoland
28.0,21.1,66.0,0.0,,,0.0,,1018.6,,No Rain,2012,2012-9-2, Atlanta
17.8,15.1,84.0,0.0,,160.0,9.4,,1010.0,,No Rain,2012,2012-9-23, New Hampshire
4.0,1.0,81.0,0.0,,190.0,9.4,,1007.1,,No Rain,2012,2012-9-30, Dover
29.4,22.1,65.0,0.0,,160.0,14.8,,1012.0,,No Rain,2012,2012-9-8, Richmond
21.0,16.0,73.0,0.0,,50.0,0.0,,1013.9,,No Rain,2013,2013-10-12, Charlotte
15.0,13.4,90.0,0.0,,,0.0,,1014.8,,No Rain,2013,2013-10-20, Talladega
11.5,0.0,45.0,0.0,,240.0,0.0,,1019.2,,No Rain,2013,2013-10-27, Martinsville
13.9,2.2,45.0,0.0,,230.0,11.2,,1013.1,,No Rain,2013,2013-10-6, Kansas
28.3,-0.8,15.0,0.0,,300.0,5.4,,1014.0,,No Rain,2013,2013-11-10, Phoenix
25.1,21.0,78.0,0.0,,70.0,16.6,,1017.6,,No Rain,2013,2013-11-17, Homestead
13.9,1.8,44.0,0.0,,350.0,5.4,,1022.6,,No Rain,2013,2013-11-3, Texas
25.6,15.6,54.0,0.0,,260.0,11.2,,1012.4,,No Rain,2013,2013-2-24, Daytona
16.9,1.3,35.0,0.0,,330.0,5.4,,1015.7,,No Rain,2013,2013-3-10, Las Vegas
16.6,5.2,47.0,0.5,,300.0,33.5,,,,Light Rain,2013,2013-3-17, Bristol
25.0,7.6,33.0,0.0,,270.0,20.5,,1011.3,,No Rain,2013,2013-3-24, California (Auto Club)
27.2,-4.7,12.0,0.0,,150.0,5.4,,1018.4,,No Rain,2013,2013-3-3, Phoenix
22.2,5.6,34.0,0.0,,150.0,13.0,,1011.1,,No Rain,2013,2013-4-13, Texas
12.8,-0.5,40.0,0.0,,90.0,14.8,,1020.9,,No Rain,2013,2013-4-21, Kansas
17.8,4.4,41.0,0.0,,60.0,7.6,,1028.7,,No Rain,2013,2013-4-27, Richmond
13.2,-0.5,39.0,0.0,,140.0,0.0,,1022.1,,No Rain,2013,2013-4-7, Martinsville
27.0,14.1,45.0,0.0,,190.0,9.4,,1015.0,,No Rain,2013,2013-5-11, Darlington
23.0,4.0,29.0,0.0,,230.0,0.0,,1021.4,,No Rain,2013,2013-5-26, Charlotte
10.0,7.8,86.0,0.0,,,0.0,,1013.7,,No Rain,2013,2013-5-5, Talladega
20.0,15.6,76.0,0.0,,220.0,7.6,,1014.7,,No Rain,2013,2013-6-16, Michigan
20.6,-2.5,21.0,0.0,,130.0,22.3,,1020.4,,No Rain,2013,2013-6-2, Dover
27.2,12.0,39.0,0.0,,190.0,24.1,,1009.5,,No Rain,2013,2013-6-23, Sonoma
23.3,18.4,74.0,0.0,,360.0,18.4,,1002.9,,No Rain,2013,2013-6-30, Kentucky
17.8,13.9,78.0,0.0,,310.0,5.4,,1016.7,,No Rain,2013,2013-6-9, Pocono
24.4,19.9,76.0,0.0,,180.0,7.6,,1025.8,,No Rain,2013,2013-7-14, New Hampshire
21.1,10.0,49.0,0.0,,290.0,27.7,,1011.8,,No Rain,2013,2013-7-28, Indianapolis
27.8,22.3,72.0,0.0,,110.0,9.4,,1020.5,,No Rain,2013,2013-7-6, Daytona
22.2,11.0,49.0,0.0,,150.0,9.4,,1022.9,,No Rain,2013,2013-8-18, Michigan
17.8,15.6,87.0,0.3,,280.0,5.4,,1013.0,,Light Rain,2013,2013-8-4, Pocono
28.0,23.9,82.0,0.0,,170.0,9.4,,1012.7,,No Rain,2013,2013-9-1, Atlanta
16.8,4.5,44.0,0.0,,190.0,7.6,,1018.0,,No Rain,2013,2013-9-15, Chicagoland
19.4,14.4,73.0,0.0,,150.0,16.6,,1007.9,,No Rain,2013,2013-9-22, New Hampshire
2.8,-5.6,54.0,0.0,,350.0,20.5,,1003.0,,No Rain,2013,2013-9-29, Dover
20.0,14.4,70.0,0.0,,300.0,9.4,,1021.1,,No Rain,2013,2013-9-7, Richmond
22.0,18.0,78.0,0.0,,200.0,0.0,,1016.1,,No Rain,2014,2014-10-11, Charlotte
19.4,10.1,55.0,0.0,,320.0,11.2,,1016.4,,No Rain,2014,2014-10-19, Talladega
16.7,5.3,47.0,0.0,,270.0,5.4,,1012.8,,No Rain,2014,2014-10-26, Martinsville
13.3,-1.9,35.0,0.0,,270.0,9.4,,1013.3,,No Rain,2014,2014-10-5, Kansas
23.1,19.7,81.0,0.0,,50.0,9.4,,1020.6,,No Rain,2014,2014-11-16, Homestead
12.8,-2.3,35.0,0.0,,130.0,14.8,,1025.7,,No Rain,2014,2014-11-2, Texas
29.2,1.6,17.0,0.0,,,0.0,,1014.4,,No Rain,2014,2014-11-9, Phoenix
18.3,13.4,73.0,0.0,,360.0,13.0,,1018.7,,No Rain,2014,2014-2-23, Daytona
16.0,14.0,88.0,0.3,,300.0,18.4,,1007.6,,Light Rain,2014,2014-3-2, Phoenix
20.0,9.0,49.0,0.0,,270.0,16.6,,1015.4,,No Rain,2014,2014-3-23, California (Auto Club)
16.7,15.1,90.0,0.0,,190.0,13.0,,1002.4,,No Rain,2014,2014-3-30, Martinsville
22.1,-6.7,14.0,0.0,,30.0,13.0,,1021.0,,No Rain,2014,2014-3-9, Las Vegas
21.0,8.9,46.0,0.0,,190.0,13.0,,1019.9,,No Rain,2014,2014-4-12, Darlington
13.3,9.9,80.0,0.0,,80.0,13.0,,1006.7,,No Rain,2014,2014-4-26, Richmond
11.0,10.1,94.0,0.3,,350.0,25.9,,1008.3,,Light Rain,2014,2014-4-7, Texas
21.7,6.8,38.0,0.0,,290.0,11.2,,1009.8,,No Rain,2014,2014-5-10, Kansas
22.0,11.1,50.0,0.0,,20.0,0.0,,1017.7,,No Rain,2014,2014-5-25, Charlotte
22.8,7.4,37.0,0.0,,280.0,7.6,,1016.0,,No Rain,2014,2014-5-4, Talladega
11.1,8.3,83.0,0.2,,240.0,22.3,,1001.4,,Light Rain,2014,2014-6-1, Dover
22.2,8.0,40.0,0.0,,110.0,7.6,,1018.3,,No Rain,2014,2014-6-15, Michigan
21.7,12.3,55.0,0.0,,200.0,27.7,,1010.2,,No Rain,2014,2014-6-22, Sonoma
25.6,21.7,79.0,0.0,,250.0,7.6,,1016.7,,No Rain,2014,2014-6-28, Kentucky
22.2,9.4,44.0,0.0,,350.0,5.4,,1014.9,,No Rain,2014,2014-6-8, Pocono
25.6,16.7,58.0,0.0,,140.0,9.4,,1019.2,,No Rain,2014,2014-7-13, New Hampshire
26.7,22.1,76.0,1.0,,240.0,11.2,,1011.0,,Light Rain,2014,2014-7-27, Indianapolis
22.8,21.1,90.0,1.3,,220.0,13.0,,1020.5,,Light Rain,2014,2014-7-6, Daytona
22.2,14.3,61.0,0.0,,30.0,9.4,,1019.9,,No Rain,2014,2014-8-10, Watkins Glen
24.4,18.3,69.0,0.0,,300.0,7.6,,1012.0,,No Rain,2014,2014-8-17, Michigan
20.6,16.0,75.0,0.0,,180.0,9.4,,1019.9,,No Rain,2014,2014-8-3, Pocono
28.0,22.0,70.0,0.0,,170.0,0.0,,1018.4,,No Rain,2014,2014-8-31, Atlanta
11.2,5.9,70.0,0.0,,60.0,5.4,,1027.0,,No Rain,2014,2014-9-14, Chicagoland
17.8,12.9,73.0,0.0,,170.0,14.8,,1019.6,,No Rain,2014,2014-9-21, New Hampshire
6.1,-0.6,62.0,0.0,,140.0,14.8,,1011.8,,No Rain,2014,2014-9-28, Dover
29.4,23.8,72.0,0.0,,210.0,9.4,,1017.2,,No Rain,2014,2014-9-6, Richmond
14.0,13.0,94.0,0.2,,20.0,11.2,,1016.4,,Light Rain,2015,2015-10-11, Charlotte
14.4,-1.7,33.0,0.0,,130.0,9.4,,1028.9,,No Rain,2015,2015-10-18, Kansas
22.2,17.1,73.0,0.0,,,0.0,,1019.5,,No Rain,2015,2015-10-25, Talladega
3.9,3.3,96.0,0.0,,70.0,24.1,,1014.7,,No Rain,2015,2015-10-4, Dover
11.3,10.0,92.0,0.0,,180.0,0.0,,1019.8,,No Rain,2015,2015-11-1, Martinsville
23.1,-2.5,18.0,0.0,,240.0,3.6,,1012.0,,No Rain,2015,2015-11-15, Phoenix
25.0,22.9,88.0,1.5,,50.0,0.0,,1012.1,,Light Rain,2015,2015-11-22, Homestead
15.0,5.5,53.0,0.0,,50.0,11.2,,1024.7,,No Rain,2015,2015-11-8, Texas
17.2,11.0,67.0,0.0,,,0.0,,1023.5,,No Rain,2015,2015-2-22, Daytona
11.0,2.0,54.0,0.0,,80.0,9.4,,1032.7,,No Rain,2015,2015-3-1, Atlanta
29.4,0.1,15.0,0.0,,90.0,0.0,,1015.0,,No Rain,2015,2015-3-15, Phoenix
26.1,7.7,31.0,0.0,,280.0,13.0,,1016.3,,No Rain,2015,2015-3-22, California (Auto Club)
2.3,-12.7,32.0,0.0,,10.0,9.4,,1020.9,,No Rain,2015,2015-3-29, Martinsville
23.3,-5.7,14.0,0.0,,60.0,22.3,,1014.8,,No Rain,2015,2015-3-8, Las Vegas
19.4,7.8,47.0,0.0,,80.0,11.2,,1018.3,,No Rain,2015,2015-4-11, Texas
6.7,3.8,82.0,1.0,,330.0,7.6,,1007.9,,Light Rain,2015,2015-4-26, Richmond
24.0,5.8,31.0,0.0,,140.0,0.0,,1027.1,,No Rain,2015,2015-5-24, Charlotte
24.2,7.8,35.0,0.0,,250.0,9.4,,1017.4,,No Rain,2015,2015-5-3, Talladega
20.6,2.9,31.0,0.0,,10.0,16.6,,1021.6,,No Rain,2015,2015-5-31, Dover
21.1,15.6,71.0,0.0,,330.0,9.4,,1014.1,,No Rain,2015,2015-5-9, Kansas
21.1,19.4,90.0,0.0,,110.0,16.6,,1015.2,,No Rain,2015,2015-6-14, Michigan
24.0,14.1,54.0,0.0,,250.0,22.3,,1013.5,,No Rain,2015,2015-6-28, Sonoma
18.3,5.2,42.0,0.0,,360.0,16.6,,1017.7,,No Rain,2015,2015-6-7, Pocono
23.9,21.8,88.0,1.5,,340.0,7.6,,1017.9,,Light Rain,2015,2015-7-11, Kentucky
23.3,20.6,85.0,0.0,,180.0,5.4,,1010.6,,No Rain,2015,2015-7-19, New Hampshire
28.3,21.1,65.0,0.0,,220.0,11.2,,1012.7,,No Rain,2015,2015-7-26, Indianapolis
23.9,22.2,90.0,0.3,,290.0,7.6,,1020.1,,Light Rain,2015,2015-7-5, Daytona
26.1,20.0,69.0,0.0,,200.0,9.4,,1018.9,,No Rain,2015,2015-8-16, Michigan
19.4,12.9,66.0,0.0,,340.0,16.6,,1012.0,,No Rain,2015,2015-8-2, Pocono
20.0,15.0,73.0,0.0,,10.0,5.4,,1016.6,,No Rain,2015,2015-8-9, Watkins Glen
22.8,18.3,76.0,0.0,,310.0,11.2,,1009.7,,No Rain,2015,2015-9-12, Richmond
17.1,9.0,59.0,0.0,,70.0,5.4,,1017.9,,No Rain,2015,2015-9-20, Chicagoland
11.1,3.9,61.0,0.0,,140.0,7.6,,1033.5,,No Rain,2015,2015-9-27, New Hampshire
28.0,18.1,55.0,0.0,,50.0,25.9,,1017.8,,No Rain,2015,2015-9-6, Darlington
23.3,18.4,74.0,0.0,,180.0,18.4,,1009.2,,No Rain,2016,2016-10-16, Kansas
10.0,0.0,50.0,0.0,,80.0,27.7,,1004.4,,No Rain,2016,2016-10-2, Dover
12.2,0.0,43.0,0.0,,,0.0,,1020.5,,No Rain,2016,2016-10-23, Talladega
18.4,12.2,67.0,0.0,,220.0,5.4,,1019.8,,No Rain,2016,2016-10-30, Martinsville
19.0,17.0,88.0,0.0,,340.0,20.5,,1010.2,,No Rain,2016,2016-10-9, Charlotte
27.3,2.4,20.0,0.0,,110.0,7.6,,1016.1,,No Rain,2016,2016-11-13, Phoenix
23.1,18.8,77.0,0.0,,330.0,5.4,,1017.9,,No Rain,2016,2016-11-20, Homestead
18.3,10.6,61.0,0.0,,90.0,5.4,,1022.5,,No Rain,2016,2016-11-6, Texas
18.3,12.3,68.0,0.0,,110.0,0.0,,1024.1,,No Rain,2016,2016-2-21, Daytona
11.0,-3.1,37.0,0.0,,,0.0,,1023.3,,No Rain,2016,2016-2-28, Atlanta
22.0,-2.0,20.0,0.0,,200.0,18.4,,1014.7,,No Rain,2016,2016-3-13, Phoenix
24.4,9.9,40.0,0.0,,270.0,14.8,,1013.1,,No Rain,2016,2016-3-20, California (Auto Club)
22.2,5.6,34.0,0.0,,170.0,51.8,,1008.2,,No Rain,2016,2016-3-6, Las Vegas
19.4,6.2,42.0,0.0,,10.0,14.8,,1013.3,,No Rain,2016,2016-4-24, Richmond
15.0,-2.0,31.0,0.0,,270.0,14.8,,1001.7,,No Rain,2016,2016-4-3, Martinsville
20.0,2.8,32.0,0.0,,50.0,7.6,,1020.4,,No Rain,2016,2016-4-9, Texas
26.1,17.7,60.0,0.0,,200.0,7.6,,1012.3,,No Rain,2016,2016-5-1, Talladega
15.0,13.4,90.0,0.8,,210.0,14.8,,1005.4,,Light Rain,2016,2016-5-15, Dover
23.0,14.0,57.0,0.0,,60.0,0.0,,1019.5,,No Rain,2016,2016-5-29, Charlotte
26.7,9.5,34.0,0.0,,200.0,18.4,,1012.8,,No Rain,2016,2016-5-7, Kansas
28.3,18.4,55.0,0.0,,280.0,14.8,,1012.3,,No Rain,2016,2016-6-12, Michigan
31.0,8.1,24.0,0.0,,230.0,18.4,,1011.2,,No Rain,2016,2016-6-26, Sonoma
20.0,17.8,87.0,0.0,,240.0,11.2,,1004.3,,No Rain,2016,2016-6-6, Pocono
26.7,16.0,52.0,0.0,,320.0,5.4,,1017.2,,No Rain,2016,2016-7-17, New Hampshire
26.1,22.8,82.0,0.0,,150.0,9.4,,1018.1,,No Rain,2016,2016-7-2, Daytona
31.1,23.2,63.0,0.0,,280.0,9.4,,1013.1,,No Rain,2016,2016-7-24, Indianapolis
27.8,22.7,74.0,0.0,,220.0,13.0,,1011.5,,No Rain,2016,2016-7-9, Kentucky
20.6,19.9,96.0,9.1,,70.0,11.2,,,,Heavy Rain,2016,2016-8-1, Pocono
23.9,22.2,90.0,0.0,,170.0,11.2,,1018.2,,No Rain,2016,2016-8-28, Michigan
25.0,12.2,45.0,0.0,,330.0,11.2,,1009.0,,No Rain,2016,2016-8-7, Watkins Glen
30.6,24.0,68.0,0.0,,160.0,0.0,,1014.1,,No Rain,2016,2016-9-10, Richmond
23.6,15.1,59.0,0.0,,240.0,13.0,,1011.7,,No Rain,2016,2016-9-18, Chicagoland
12.2,2.1,50.0,0.0,,290.0,5.4,,1019.2,,No Rain,2016,2016-9-25, New Hampshire
23.9,21.8,88.0,0.0,,60.0,5.4,,1019.3,,No Rain,2016,2016-9-4, Darlington
7.2,5.0,86.0,0.0,,230.0,25.9,,1017.3,,No Rain,2017,2017-10-1, Dover
22.1,19.6,86.0,0.0,,70.0,9.4,,1020.9,,No Rain,2017,2017-10-15, Talladega
23.9,19.0,74.0,0.2,,170.0,11.2,,1008.6,,Light Rain,2017,2017-10-22, Kansas
14.7,14.1,96.0,0.0,,150.0,0.0,,1007.4,,No Rain,2017,2017-10-29, Martinsville
21.0,20.0,94.0,0.0,,10.0,0.0,,1016.4,,No Rain,2017,2017-10-8, Charlotte
28.0,0.7,17.0,0.0,,290.0,0.0,,1012.1,,No Rain,2017,2017-11-12, Phoenix
22.7,21.9,95.0,0.0,,50.0,5.4,,1014.2,,No Rain,2017,2017-11-19, Homestead
27.8,18.2,56.0,0.0,,180.0,13.0,,1009.3,,No Rain,2017,2017-11-5, Texas
23.3,16.1,64.0,0.0,,220.0,9.4,,1011.7,,No Rain,2017,2017-2-26, Daytona
27.0,0.7,18.0,0.0,,290.0,0.0,,1014.4,,No Rain,2017,2017-3-12, Las Vegas
33.0,2.0,14.0,0.0,,350.0,0.0,,1013.8,,No Rain,2017,2017-3-19, Phoenix
20.0,10.1,53.0,0.0,,260.0,16.6,,1014.7,,No Rain,2017,2017-3-26, California (Auto Club)
13.0,0.0,41.0,0.0,,170.0,5.4,,1032.6,,No Rain,2017,2017-3-5, Atlanta
15.7,5.6,51.0,0.0,,330.0,7.6,,1016.2,,No Rain,2017,2017-4-2, Martinsville
9.0,8.1,94.0,4.6,,80.0,11.0,,,,Moderate Rain,2017,2017-4-24, Bristol
25.6,21.7,79.0,0.0,,200.0,11.2,,1017.5,,No Rain,2017,2017-4-30, Richmond
25.6,15.6,54.0,0.0,,170.0,31.7,,1008.4,,No Rain,2017,2017-4-9, Texas
22.8,5.7,33.0,0.0,,30.0,18.4,,1013.2,,No Rain,2017,2017-5-13, Kansas
28.0,18.1,55.0,0.0,,200.0,0.0,,1011.9,,No Rain,2017,2017-5-28, Charlotte
22.8,6.5,35.0,0.0,,260.0,20.5,,1008.0,,No Rain,2017,2017-5-7, Talladega
21.1,15.6,71.0,0.0,,250.0,7.6,,1016.9,,No Rain,2017,2017-6-11, Pocono
28.3,17.8,53.0,0.0,,200.0,13.0,,1003.6,,No Rain,2017,2017-6-18, Michigan
24.0,12.9,50.0,0.0,,350.0,20.5,,1010.8,,No Rain,2017,2017-6-25, Sonoma
21.7,0.8,25.0,0.0,,170.0,11.2,,1007.8,,No Rain,2017,2017-6-4, Dover
25.0,24.0,94.0,0.0,,210.0,0.0,,1019.5,,No Rain,2017,2017-7-1, Daytona
25.0,17.2,62.0,0.0,,300.0,11.2,,1010.4,,No Rain,2017,2017-7-16, New Hampshire
28.3,23.2,74.0,0.0,,360.0,0.0,,1008.6,,No Rain,2017,2017-7-23, Indianapolis
18.3,8.8,54.0,0.0,,360.0,16.6,,1013.2,,No Rain,2017,2017-7-30, Pocono
28.3,21.6,67.0,0.0,,220.0,16.6,,1011.2,,No Rain,2017,2017-7-8, Kentucky
21.7,15.5,68.0,0.0,,330.0,5.4,,1015.6,,No Rain,2017,2017-8-13, Michigan
18.9,11.2,61.0,0.0,,270.0,13.0,,1014.9,,No Rain,2017,2017-8-6, Watkins Glen
24.8,17.5,64.0,0.0,,160.0,5.4,,1015.5,,No Rain,2017,2017-9-17, Chicagoland
20.0,16.6,81.0,0.0,,,0.0,,1016.8,,No Rain,2017,2017-9-24, New Hampshire
24.4,21.7,85.0,0.0,,240.0,5.4,,1016.2,,No Rain,2017,2017-9-3, Darlington
20.0,16.6,81.0,0.0,,300.0,7.6,,1021.7,,No Rain,2017,2017-9-9, Richmond
18.0,14.1,78.0,0.0,,,0.0,,1015.0,,No Rain,2018,2018-10-14, Talladega
12.2,-2.1,37.0,0.0,,360.0,16.6,,1026.6,,No Rain,2018,2018-10-21, Kansas
12.2,7.1,71.0,0.0,,310.0,0.0,,1007.7,,No Rain,2018,2018-10-28, Martinsville
7.8,-7.9,32.0,0.0,,70.0,25.9,,1013.9,,No Rain,2018,2018-10-7, Dover
23.0,5.9,33.0,0.0,,180.0,7.6,,1010.9,,No Rain,2018,2018-11-11, Phoenix
23.8,18.0,70.0,0.0,,40.0,14.8,,1018.2,,No Rain,2018,2018-11-18, Homestead
21.7,11.7,53.0,0.0,,170.0,24.1,,1008.5,,No Rain,2018,2018-11-4, Texas
22.8,16.1,66.0,0.0,,190.0,5.4,,1021.7,,No Rain,2018,2018-2-18, Daytona
25.0,12.9,47.0,0.0,,190.0,5.4,,1016.9,,No Rain,2018,2018-2-25, Atlanta
14.4,1.0,40.0,0.0,,240.0,25.9,,1014.3,,No Rain,2018,2018-3-18, California (Auto Club)
7.1,-4.0,45.0,0.0,,30.0,7.6,,1026.4,,No Rain,2018,2018-3-26, Martinsville
16.9,-0.8,30.0,0.0,,170.0,25.9,,1008.7,,No Rain,2018,2018-3-4, Las Vegas
14.4,-3.9,28.0,0.0,,360.0,11.2,,1026.6,,No Rain,2018,2018-4-21, Richmond
24.1,6.4,32.0,0.0,,300.0,9.4,,1014.4,,No Rain,2018,2018-4-29, Talladega
6.1,-0.6,62.0,0.0,,40.0,18.4,,1019.6,,No Rain,2018,2018-4-8, Texas
28.9,16.8,48.0,0.0,,190.0,25.9,,1005.3,,No Rain,2018,2018-5-12, Kansas
27.0,21.1,70.0,0.0,,210.0,0.0,,1012.0,,No Rain,2018,2018-5-27, Charlotte
1.7,-1.7,78.0,0.0,,70.0,38.9,,995.8,,No Rain,2018,2018-5-6, Dover
19.4,18.2,93.0,0.3,,60.0,14.8,,1015.1,,Light Rain,2018,2018-6-10, Michigan
37.0,11.1,21.0,0.0,,340.0,14.8,,1005.0,,No Rain,2018,2018-6-24, Sonoma
20.0,17.8,87.0,0.0,,350.0,22.3,,1011.1,,No Rain,2018,2018-6-3, Pocono
31.1,25.2,71.0,0.0,,190.0,16.6,,1010.9,,No Rain,2018,2018-7-1, Chicagoland
31.1,17.8,45.0,0.0,,10.0,7.6,,1017.5,,No Rain,2018,2018-7-14, Kentucky
20.0,13.2,65.0,0.0,,120.0,9.4,,1020.8,,No Rain,2018,2018-7-22, New Hampshire
21.7,16.0,70.0,0.0,,270.0,13.0,,1016.7,,No Rain,2018,2018-7-29, Pocono
23.3,22.3,94.0,0.0,,290.0,7.6,,1018.0,,No Rain,2018,2018-7-7, Daytona
26.1,17.7,60.0,0.0,,260.0,7.6,,1015.3,,No Rain,2018,2018-8-12, Michigan
25.6,20.6,74.0,0.0,,360.0,7.6,,1019.2,,No Rain,2018,2018-8-5, Watkins Glen
15.0,12.9,87.0,0.0,,40.0,14.8,,1011.9,,No Rain,2018,2018-9-10, Indianapolis
37.2,0.5,10.0,0.0,,250.0,29.5,,1006.6,,No Rain,2018,2018-9-16, Las Vegas
30.0,22.7,65.0,0.0,,160.0,13.0,,1021.3,,No Rain,2018,2018-9-2, Darlington
23.3,22.3,94.0,0.0,,180.0,25.9,,1017.0,,No Rain,2018,2018-9-22, Richmond
24.0,19.9,78.0,0.0,,90.0,0.0,,1021.6,,No Rain,2018,2018-9-30, Charlotte Roval
13.3,10.7,84.0,0.2,,210.0,5.4,,1019.5,,Light Rain,2019,2019-10-14, Talladega
16.7,10.1,65.0,0.0,,353.0,0.0,,1008.5,,No Rain,2019,2019-10-20, Kansas
19.6,14.6,73.0,0.0,,120.0,0.0,,1015.9,,No Rain,2019,2019-10-27, Martinsville
2.8,0.5,85.0,0.0,,200.0,13.0,,998.1,,No Rain,2019,2019-10-6, Dover
28.0,5.6,24.0,0.0,,328.0,0.0,,1012.7,,No Rain,2019,2019-11-10, Phoenix
19.5,14.7,74.0,0.0,,300.0,14.8,,1010.5,,No Rain,2019,2019-11-17, Homestead
14.4,-2.1,32.0,0.0,,70.0,5.4,,1026.9,,No Rain,2019,2019-11-3, Texas
21.7,16.0,70.0,0.0,,240.0,13.0,,1011.0,,No Rain,2019,2019-2-17, Daytona
9.0,7.9,93.0,0.0,,80.0,7.6,,1017.2,,No Rain,2019,2019-2-24, Atlanta
18.0,-0.8,28.0,0.0,,190.0,0.0,,1012.0,,No Rain,2019,2019-3-10, Phoenix
26.1,-3.5,14.0,0.0,,30.0,14.8,,1013.3,,No Rain,2019,2019-3-17, California (Auto Club)
8.3,-3.3,44.0,0.0,,300.0,0.0,,1023.5,,No Rain,2019,2019-3-24, Martinsville
19.1,6.9,45.0,0.0,,180.0,25.9,,1007.3,,No Rain,2019,2019-3-3, Las Vegas
10.6,0.0,48.0,0.0,,10.0,37.1,,1023.7,,No Rain,2019,2019-3-31, Texas
18.3,17.8,97.0,0.5,,130.0,0.0,,1018.2,,Light Rain,2019,2019-4-13, Richmond
23.3,5.2,31.0,0.0,,220.0,11.2,,1013.2,,No Rain,2019,2019-4-28, Talladega
15.6,3.4,44.0,0.0,,50.0,9.4,,1020.0,,No Rain,2019,2019-5-11, Kansas
32.0,17.9,43.0,0.0,,240.0,9.4,,1017.8,,No Rain,2019,2019-5-26, Charlotte
6.1,-3.8,49.0,0.0,,60.0,14.8,,1012.8,,No Rain,2019,2019-5-6, Dover
20.0,20.0,100.0,1.5,,80.0,11.2,,1015.0,,Light Rain,2019,2019-6-10, Michigan
20.6,14.9,70.0,0.0,,200.0,13.0,,1009.0,,No Rain,2019,2019-6-2, Pocono
31.0,6.8,22.0,0.0,,230.0,24.1,,1011.6,,No Rain,2019,2019-6-23, Sonoma
25.5,19.9,71.0,0.0,,50.0,7.6,,1016.4,,No Rain,2019,2019-6-30, Chicagoland
29.4,15.2,42.0,0.0,,,0.0,,1013.0,,No Rain,2019,2019-7-13, Kentucky
32.2,21.7,54.0,0.0,,240.0,7.6,,1006.8,,No Rain,2019,2019-7-21, New Hampshire
22.8,15.6,64.0,0.0,,210.0,7.6,,1022.8,,No Rain,2019,2019-7-28, Pocono
24.4,24.4,100.0,1.5,,200.0,11.2,,1019.1,,Light Rain,2019,2019-7-7, Daytona
23.3,16.6,66.0,0.0,,260.0,5.4,,1015.6,,No Rain,2019,2019-8-11, Michigan
23.9,17.9,69.0,0.0,,330.0,9.4,,1014.0,,No Rain,2019,2019-8-4, Watkins Glen
27.2,20.1,65.0,0.0,,100.0,7.6,,1019.6,,No Rain,2019,2019-9-1, Darlington
38.1,-3.7,7.0,0.0,,150.0,7.6,,1008.8,,No Rain,2019,2019-9-15, Las Vegas
23.3,13.2,53.0,0.0,,240.0,5.4,,1023.5,,No Rain,2019,2019-9-21, Richmond
26.1,18.3,62.0,0.0,,260.0,0.0,,1020.0,,No Rain,2019,2019-9-29, Charlotte Roval
21.7,14.4,63.0,0.0,,350.0,5.4,,1016.6,,No Rain,2019,2019-9-8, Indianapolis
19.0,19.0,100.0,0.0,,0.0,0.0,,1016.1,,No Rain,2020,2020-10-11, Charlotte Roval
18.9,0.9,30.0,0.0,,180.0,13.0,,1010.4,,No Rain,2020,2020-10-18, Kansas
14.4,4.9,53.0,0.0,,90.0,11.2,,1014.2,,No Rain,2020,2020-10-25, Texas
15.4,9.1,66.0,0.0,,0.0,0.0,,1020.9,,No Rain,2020,2020-10-4, Talladega
5.8,4.8,93.0,0.0,,0.0,0.0,,1028.1,,No Rain,2020,2020-11-1, Martinsville
19.0,0.1,28.0,0.0,,240.0,22.0,,1001.4,,No Rain,2020,2020-11-8, Phoenix
20.0,15.6,76.0,0.0,,40.0,16.6,,1023.9,,No Rain,2020,2020-2-16, Daytona
11.0,11.0,100.0,6.1,,10.0,9.0,,1014.2,,Moderate Rain,2020,2020-2-23, Las Vegas
21.1,5.0,35.0,0.0,,280.0,16.6,,1013.8,,No Rain,2020,2020-3-1, California (Auto Club)
26.0,-0.9,17.0,0.0,,210.0,28.0,,1008.1,,No Rain,2020,2020-3-8, Phoenix
24.0,17.0,65.0,0.0,,140.0,24.1,,1015.8,,No Rain,2020,2020-5-17, Darlington
18.3,18.3,100.0,5.3,,80.0,9.4,,1011.5,,Moderate Rain,2020,2020-5-20, Darlington
27.0,20.1,66.0,0.0,,0.0,0.0,,1015.6,,No Rain,2020,2020-5-24, Charlotte
21.0,18.9,88.0,3.6,,360.0,16.6,,1011.7,,Moderate Rain,2020,2020-5-28, Charlotte
28.5,21.3,65.0,0.0,,160.0,7.6,,1012.9,,No Rain,2020,2020-6-10, Martinsville
27.4,22.8,76.0,0.0,,70.0,14.8,,1013.5,,No Rain,2020,2020-6-14, Homestead
23.7,22.0,90.0,0.0,,0.0,0.0,,1014.1,,No Rain,2020,2020-6-22, Talladega
21.1,12.3,57.0,0.0,,0.0,0.0,,1014.4,,No Rain,2020,2020-6-27, Pocono
21.7,18.9,84.0,0.0,,290.0,9.4,,1008.1,,No Rain,2020,2020-6-28, Pocono
26.0,24.0,89.0,0.0,,170.0,5.4,,1014.2,,No Rain,2020,2020-6-7, Atlanta
28.3,17.8,53.0,0.0,,280.0,5.4,,1011.3,,No Rain,2020,2020-7-12, Kentucky
33.3,20.5,47.0,0.0,,160.0,25.9,,1012.2,,No Rain,2020,2020-7-19, Texas
31.7,18.0,44.0,0.0,,0.0,0.0,,1013.5,,No Rain,2020,2020-7-23, Kansas
26.7,20.5,69.0,0.0,,0.0,0.0,,1013.5,,No Rain,2020,2020-7-5, Indianapolis
25.6,23.8,90.0,0.0,,170.0,11.2,,1013.4,,No Rain,2020,2020-8-16, Daytona Road Course
27.2,14.9,47.0,0.0,,120.0,7.6,,1013.3,,No Rain,2020,2020-8-2, New Hampshire
18.3,5.2,42.0,0.0,,,7.6,,1018.2,,No Rain,2020,2020-8-22, Dover
16.7,12.2,75.0,0.0,,260.0,16.6,,1013.7,,No Rain,2020,2020-8-23, Dover
29.4,24.9,77.0,0.0,,260.0,9.4,,1015.7,,No Rain,2020,2020-8-29, Daytona
25.6,10.6,39.0,0.0,,310.0,5.4,,1021.1,,No Rain,2020,2020-8-8, Michigan
26.1,15.5,52.0,0.0,,160.0,13.0,,1018.6,,No Rain,2020,2020-8-9, Michigan
24.4,20.1,77.0,0.0,,60.0,13.0,,1021.7,,No Rain,2020,2020-9-12, Richmond
36.4,-4.9,7.0,0.0,,130.0,11.2,,1006.6,,No Rain,2020,2020-9-27, Las Vegas
25.0,17.2,62.0,0.0,,60.0,9.4,,1021.6,,No Rain,2020,2020-9-6, Darlington
19.0,17.0,88.0,0.0,,20.0,9.4,,1018.0,,No Rain,2021,2021-10-10, Charlotte Roval
18.3,1.3,32.0,0.0,,10.0,9.4,,1025.5,,No Rain,2021,2021-10-17, Texas
14.4,11.7,84.0,0.0,,70.0,16.6,,1009.3,,No Rain,2021,2021-10-24, Kansas
11.5,10.1,91.0,0.0,,210.0,5.4,,1004.0,,No Rain,2021,2021-10-31, Martinsville
20.6,20.3,98.0,0.3,,0.0,0.0,,1016.0,,Light Rain,2021,2021-10-4, Talladega
28.0,2.9,20.0,0.0,,296.0,6.0,,1014.0,,No Rain,2021,2021-11-7, Phoenix
21.1,18.9,87.0,0.0,,40.0,5.4,,1012.7,,No Rain,2021,2021-2-14, Daytona
11.7,6.2,69.0,0.0,,20.0,24.1,,1026.7,,No Rain,2021,2021-2-21, Daytona Road Course
26.0,20.1,70.0,0.0,,100.0,16.6,,1021.1,,No Rain,2021,2021-2-28, Homestead
17.0,-0.7,30.0,0.0,,230.0,17.0,,1018.5,,No Rain,2021,2021-3-14, Phoenix
10.0,-6.8,30.0,0.0,,60.0,9.4,,1027.2,,No Rain,2021,2021-3-21, Atlanta
10.9,-0.6,45.0,0.0,,293.0,21.2,,1016.1,,No Rain,2021,2021-3-29, Bristol Dirt
25.0,-15.1,6.0,0.0,,230.0,24.1,,1008.4,,No Rain,2021,2021-3-7, Las Vegas
14.2,14.2,100.0,0.3,,0.0,0.0,,1016.0,,Light Rain,2021,2021-4-10, Martinsville
15.6,4.3,47.0,0.0,,350.0,5.4,,1010.6,,No Rain,2021,2021-4-18, Richmond
17.6,17.4,99.0,1.8,,234.0,12.2,,1005.6,,Light Rain,2021,2021-4-25, Talladega
12.8,-6.3,26.0,0.0,,340.0,14.8,,1015.6,,No Rain,2021,2021-5-16, Dover
22.8,8.9,41.0,0.0,,210.0,37.1,,1008.2,,No Rain,2021,2021-5-2, Kansas
26.1,20.0,69.0,0.0,,120.0,11.2,,1017.4,,No Rain,2021,2021-5-23, COTA
21.0,15.1,69.0,0.1,,20.0,11.2,,1014.0,,Light Rain,2021,2021-5-30, Charlotte
22.2,7.2,38.0,0.0,,270.0,7.6,,1016.3,,No Rain,2021,2021-5-9, Darlington
26.1,20.0,69.0,0.0,,160.0,7.6,,1012.3,,No Rain,2021,2021-6-20, Nashville
19.4,10.7,57.0,0.0,,170.0,9.4,,1024.6,,No Rain,2021,2021-6-26, Pocono
22.2,19.9,87.0,0.0,,180.0,14.8,,1021.8,,No Rain,2021,2021-6-27, Pocono
29.0,10.2,31.0,0.0,,180.0,13.0,,1009.0,,No Rain,2021,2021-6-6, Sonoma
28.0,21.1,66.0,0.0,,240.0,5.4,,1016.9,,No Rain,2021,2021-7-11, Atlanta
22.2,17.1,73.0,0.0,,60.0,7.6,,1018.7,,No Rain,2021,2021-7-18, New Hampshire
30.0,18.4,50.0,0.0,,290.0,16.6,,1011.6,,No Rain,2021,2021-7-4, Road America
25.6,14.4,50.0,0.0,,50.0,13.0,,1021.3,,No Rain,2021,2021-8-15, Indy Road Course
27.2,20.1,65.0,0.0,,0.0,0.0,,1011.2,,No Rain,2021,2021-8-22, Michigan
27.8,24.4,82.0,0.0,,0.0,0.0,,1017.1,,No Rain,2021,2021-8-28, Daytona
21.7,20.0,90.0,0.0,,0.0,0.0,,1016.5,,No Rain,2021,2021-8-8, Watkins Glen
20.0,15.6,76.0,0.0,,290.0,11.2,,1018.6,,No Rain,2021,2021-9-11, Richmond
22.0,19.2,84.0,0.0,,262.0,5.4,,1021.0,,No Rain,2021,2021-9-18, Bristol
33.6,10.3,24.0,0.0,,130.0,9.4,,1009.2,,No Rain,2021,2021-9-26, Las Vegas
22.2,16.0,68.0,0.0,,190.0,5.4,,1016.1,,No Rain,2021,2021-9-5, Darlington
25.1,8.6,35.0,0.0,,170.0,7.6,,1007.5,,No Rain,2022,2022-10-16, Las Vegas
23.1,9.5,42.0,0.0,,340.0,9.4,,1015.0,,No Rain,2022,2022-10-2, Talladega
22.5,18.1,76.0,0.0,,30.0,9.4,,1015.2,,No Rain,2022,2022-10-23, Homestead
13.9,6.7,62.0,0.0,,0.0,0.0,,1028.0,,No Rain,2022,2022-10-30, Martinsville
14.0,8.0,67.0,0.0,,0.0,0.0,,1024.0,,No Rain,2022,2022-10-9, Charlotte Roval
20.0,-3.0,21.0,0.0,,279.0,4.0,,1012.3,,No Rain,2022,2022-11-6, Phoenix
15.6,4.3,47.0,0.0,,10.0,20.5,,1023.6,,No Rain,2022,2022-2-20, Daytona
20.0,-15.3,8.0,0.0,,360.0,14.8,,1022.0,,No Rain,2022,2022-2-27, California (Auto Club)
24.0,-12.3,8.0,0.0,,329.0,7.2,,1016.0,,No Rain,2022,2022-3-13, Phoenix
15.0,4.1,48.0,0.0,,310.0,13.0,,1018.0,,No Rain,2022,2022-3-20, Atlanta
30.0,-1.4,13.0,0.0,,180.0,14.8,,1013.0,,No Rain,2022,2022-3-27, COTA
12.9,-13.2,15.0,0.0,,210.0,22.3,,1008.9,,No Rain,2022,2022-3-6, Las Vegas
16.0,11.6,75.0,0.0,,240.0,7.0,,1016.0,,No Rain,2022,2022-4-17, Bristol Dirt
22.8,14.9,61.0,0.0,,135.0,7.9,,1018.9,,No Rain,2022,2022-4-24, Talladega
11.1,1.1,50.0,0.0,,130.0,22.3,,1015.2,,No Rain,2022,2022-4-3, Richmond
9.0,2.3,63.0,0.3,,300.0,18.4,,1009.0,,Light Rain,2022,2022-4-9, Martinsville
11.0,1.2,51.0,0.0,,170.0,7.0,,1019.0,,No Rain,2022,2022-5-1, Dover
30.0,13.7,37.0,0.0,,70.0,9.4,,1010.5,,No Rain,2022,2022-5-15, Kansas
25.0,14.2,51.0,0.0,,0.0,0.0,,1015.0,,No Rain,2022,2022-5-29, Charlotte
16.7,16.7,100.0,0.9,,30.0,7.6,,1005.0,,Light Rain,2022,2022-5-8, Darlington
29.0,16.9,48.0,0.0,,270.0,27.7,,1013.0,,No Rain,2022,2022-6-12, Sonoma
31.1,22.1,59.0,0.0,,150.0,13.0,,1016.8,,No Rain,2022,2022-6-26, Nashville
27.2,10.4,35.0,0.0,,200.0,5.4,,1010.8,,No Rain,2022,2022-6-5, Gateway (WWT)
27.0,24.5,86.0,0.0,,210.0,13.0,,1017.0,,No Rain,2022,2022-7-10, Atlanta
22.2,16.0,68.0,0.0,,150.0,9.4,,1016.5,,No Rain,2022,2022-7-17, New Hampshire
27.2,15.6,49.0,0.0,,220.0,14.8,,1017.5,,No Rain,2022,2022-7-24, Pocono
20.0,17.2,84.0,0.8,,280.0,16.6,,1017.6,,Light Rain,2022,2022-7-3, Road America
26.7,14.5,47.0,0.0,,160.0,7.6,,1019.6,,No Rain,2022,2022-7-31, Indy Road Course
21.7,16.6,73.0,0.0,,280.0,13.0,,1019.0,,No Rain,2022,2022-8-14, Richmond
23.3,20.1,82.0,0.5,,80.0,14.8,,1018.1,,Light Rain,2022,2022-8-21, Watkins Glen
24.4,23.4,94.0,1.0,,240.0,5.4,,1013.6,,Light Rain,2022,2022-8-28, Daytona
28.3,21.1,65.0,0.0,,190.0,11.2,,1017.9,,No Rain,2022,2022-8-7, Michigan
15.6,15.0,96.0,1.8,,340.0,16.6,,1018.9,,Light Rain,2022,2022-9-11, Kansas
20.0,16.6,81.0,0.0,,197.0,2.2,,1023.0,,No Rain,2022,2022-9-17, Bristol
32.2,14.4,34.0,0.0,,160.0,16.6,,1011.0,,No Rain,2022,2022-9-25, Texas
25.0,24.0,94.0,0.1,,0.0,0.0,,1019.3,,Light Rain,2022,2022-9-4, Darlington
22.5,17.0,71.0,0.0,,0.0,0.0,,1020.0,,No Rain,2023,2023-10-1, Talladega
28.6,-4.8,11.0,0.0,,0.0,0.0,,1016.2,,No Rain,2023,2023-10-15, Las Vegas
24.6,20.5,78.0,0.0,,0.0,0.0,,1013.9,,No Rain,2023,2023-10-22, Homestead
19.7,14.9,74.0,0.0,,0.0,0.0,,1021.0,,No Rain,2023,2023-10-29, Martinsville
13.0,1.0,44.0,0.0,,350.0,9.4,,1016.0,,No Rain,2023,2023-10-8, Charlotte Roval
28.0,-3.0,13.0,0.0,,0.0,0.0,,1015.0,,No Rain,2023,2023-11-5, Phoenix
17.2,8.9,58.0,0.0,,60.0,18.4,,1026.5,,No Rain,2023,2023-2-19, Daytona
5.6,3.9,89.0,2.7,,340.0,11.2,,1013.5,,Moderate Rain,2023,2023-2-26, California (Auto Club)
24.0,11.0,44.0,0.0,,230.0,20.5,,1013.0,,No Rain,2023,2023-3-12, Phoenix
9.0,-5.7,35.0,0.0,,290.0,9.3,,1019.0,,No Rain,2023,2023-3-19, Atlanta
26.1,-0.9,17.0,0.0,,100.0,7.6,,1009.1,,No Rain,2023,2023-3-26, COTA
17.3,-3.5,24.0,0.0,,210.0,57.6,,1003.4,,No Rain,2023,2023-3-5, Las Vegas
19.6,11.1,58.0,0.0,,240.0,5.4,,1014.0,,No Rain,2023,2023-4-16, Martinsville
22.2,3.8,30.0,0.0,,330.0,29.5,,997.3,,No Rain,2023,2023-4-2, Richmond
19.7,0.2,27.0,0.0,,350.0,5.4,,1015.0,,No Rain,2023,2023-4-23, Talladega
8.3,-1.8,49.0,0.3,,60.0,11.2,,1024.8,,Light Rain,2023,2023-4-9, Bristol Dirt
16.6,16.0,96.0,1.1,,278.0,13.7,,986.2,,Light Rain,2023,2023-5-1, Dover
25.0,15.0,54.0,0.0,,180.0,7.6,,1018.6,,No Rain,2023,2023-5-14, Darlington
16.0,15.0,94.0,1.7,,340.0,16.6,,1014.0,,Light Rain,2023,2023-5-29, Charlotte
31.1,14.3,36.0,0.0,,210.0,25.9,,1005.0,,No Rain,2023,2023-5-7, Kansas
21.0,11.9,56.0,0.0,,0.0,0.0,,1011.0,,No Rain,2023,2023-6-11, Sonoma
28.9,19.5,57.0,0.0,,270.0,9.4,,1013.9,,No Rain,2023,2023-6-25, Nashville
28.9,12.3,36.0,0.0,,80.0,7.6,,1011.6,,No Rain,2023,2023-6-4, Gateway (WWT)
23.9,23.2,96.0,0.5,,180.0,13.0,,1009.1,,Light Rain,2023,2023-7-17, New Hampshire
25.6,20.6,74.0,0.1,,30.0,5.4,,1008.0,,Light Rain,2023,2023-7-2, Chicago Street
16.7,12.2,75.0,0.0,,0.0,0.0,,1012.3,,No Rain,2023,2023-7-23, Pocono
29.4,19.4,55.0,0.0,,330.0,16.6,,1010.4,,No Rain,2023,2023-7-30, Richmond
26.0,23.5,86.0,0.0,,250.0,6.0,,1013.0,,No Rain,2023,2023-7-9, Atlanta
25.6,20.6,74.0,0.0,,350.0,14.8,,1011.4,,No Rain,2023,2023-8-13, Indy Road Course
17.8,12.3,70.0,0.0,,0.0,0.0,,1016.8,,No Rain,2023,2023-8-20, Watkins Glen
28.3,23.9,77.0,0.0,,80.0,7.6,,1013.2,,No Rain,2023,2023-8-26, Daytona
23.3,15.6,62.0,0.0,,60.0,13.0,,1016.0,,No Rain,2023,2023-8-6, Michigan
28.3,11.8,36.0,0.0,,90.0,9.4,,1019.1,,No Rain,2023,2023-9-10, Kansas
22.8,16.8,69.0,0.0,,360.0,5.4,,1015.7,,No Rain,2023,2023-9-16, Bristol
33.9,19.9,44.0,0.0,,170.0,33.5,,1006.1,,No Rain,2023,2023-9-24, Texas
20.0,17.8,87.0,0.0,,0.0,0.0,,1020.7,,No Rain,2023,2023-9-3, Darlington
